{
  "type": "FeatureCollection",
  "features": [
    {
      "type": "Feature",
      "id": 0,
      "geometry": {
        "type": "MultiLineString",
        "coordinates": [
          [
            [
              -74.070165967126755,
              4.6101042882170242
            ],
            [
              -74.06905966430395,
              4.6153072450569503
            ],
            [
              -74.068889025590465,
              4.6158219585534299
            ],
            [
              -74.068707197452966,
              4.6162331698795569
            ],
            [
              -74.068427461857027,
              4.6176318478593741
            ],
            [
              -74.068100171209892,
              4.6189717813639266
            ],
            [
              -74.067974290191671,
              4.6192738958074333
            ],
            [
              -74.067414818999794,
              4.6204683668021831
            ],
            [
              -74.066995215605743,
              4.6213355471496342
            ],
            [
              -74.066993810825295,
              4.6213392656863723
            ],
            [
              -74.066614775195262,
              4.6223425952949153
            ],
            [
              -74.066561625432087,
              4.6226391150266695
            ],
            [
              -74.066172792953694,
              4.6241301057530526
            ],
            [
              -74.066016141019986,
              4.6247371319961719
            ],
            [
              -74.065759330230719,
              4.6257800071145354
            ],
            [
              -74.065694445084659,
              4.6260434972291886
            ],
            [
              -74.065582550846329,
              4.6265246424543687
            ],
            [
              -74.065274841690666,
              4.6278030341277212
            ],
            [
              -74.065017484942416,
              4.6286981880347895
            ],
            [
              -74.064827264737119,
              4.6293024169221333
            ],
            [
              -74.064260625320685,
              4.6310927247360949
            ],
            [
              -74.064187165075509,
              4.6313814994932487
            ],
            [
              -74.063880359744928,
              4.6325875618269388
            ],
            [
              -74.063766717159012,
              4.6337152459480739
            ],
            [
              -74.063674928916669,
              4.6351663743519955
            ],
            [
              -74.063587511542892,
              4.6359181637661191
            ],
            [
              -74.063355855502493,
              4.6375091599681042
            ],
            [
              -74.063198504229774,
              4.6380904855033043
            ],
            [
              -74.062825166300058,
              4.6394551000046871
            ],
            [
              -74.062564728270161,
              4.6404070459072067
            ],
            [
              -74.062372410047999,
              4.6411544644527094
            ],
            [
              -74.061874131017703,
              4.6428591032404878
            ],
            [
              -74.061782342775359,
              4.6433748657454865
            ],
            [
              -74.061544262610369,
              4.6442511608060091
            ],
            [
              -74.061262209401491,
              4.6452893062301941
            ],
            [
              -74.061100487260035,
              4.6456171213817248
            ],
            [
              -74.06091253990661,
              4.6459012278462728
            ],
            [
              -74.060213200916678,
              4.6468803024321144
            ],
            [
              -74.059732986455856,
              4.6478140527727447
            ],
            [
              -74.059662471462218,
              4.6479511652603467
            ],
            [
              -74.059024324633924,
              4.6492624258663282
            ],
            [
              -74.058285647825869,
              4.6504513021490466
            ],
            [
              -74.058058362654208,
              4.65073103774498
            ],
            [
              -74.057354652795539,
              4.6514128932601091
            ],
            [
              -74.056838890290578,
              4.6522258748358807
            ],
            [
              -74.055872928310748,
              4.6538256127750914
            ],
            [
              -74.055553854896743,
              4.6545030974215509
            ],
            [
              -74.055407630606055,
              4.6548245676179496
            ],
            [
              -74.054981271098768,
              4.6557619076033134
            ],
            [
              -74.0547146481087,
              4.6561815109972926
            ],
            [
              -74.053731202654205,
              4.6575408511587089
            ],
            [
              -74.053084314088551,
              4.658349461865793
            ],
            [
              -74.052826233236487,
              4.6586750407869353
            ],
            [
              -74.052800207624045,
              4.6587078730980265
            ],
            [
              -74.051829874775422,
              4.6597000602899632
            ],
            [
              -74.050863912795762,
              4.6606660222697025
            ],
            [
              -74.050509872432144,
              4.6609982082898496
            ],
            [
              -74.049535168714954,
              4.6620209915624917
            ],
            [
              -74.048660994977638,
              4.6629956952796459
            ],
            [
              -74.047869867745305,
              4.6637780807745406
            ],
            [
              -74.047205495704986,
              4.6644380819462752
            ],
            [
              -74.046795055779285,
              4.6651366191275896
            ],
            [
              -74.046750925361494,
              4.6652117257038013
            ],
            [
              -74.046353176311072,
              4.6660247072795658
            ],
            [
              -74.04513807481618,
              4.6684417976631183
            ],
            [
              -74.044119662412072,
              4.6706316028752433
            ],
            [
              -74.043771790735832,
              4.671337478412612
            ],
            [
              -74.043669462937316,
              4.671545114430705
            ],
            [
              -74.042900190048385,
              4.6731492232387186
            ],
            [
              -74.042506811866701,
              4.6737261779053032
            ],
            [
              -74.041899261119227,
              4.6741676356425179
            ],
            [
              -74.041780459736174,
              4.6742571435339109
            ],
            [
              -74.041261114290933,
              4.6746484311982472
            ],
            [
              -74.040959524351535,
              4.6749237959253218
            ],
            [
              -74.040570517038418,
              4.6755007505921276
            ],
            [
              -74.040295152311216,
              4.6761520100263807
            ],
            [
              -74.040120317563719,
              4.6771485680867766
            ],
            [
              -74.040032900189942,
              4.6775638006121305
            ],
            [
              -74.039858065442388,
              4.6778173109959846
            ],
            [
              -74.038940183018269,
              4.6789056572989933
            ],
            [
              -74.038332632270851,
              4.6796268506323067
            ],
            [
              -74.038127201442592,
              4.6798279105917109
            ],
            [
              -74.037764419341613,
              4.6803524148342417
            ],
            [
              -74.037231173361704,
              4.6814757280865873
            ],
            [
              -74.036553688715287,
              4.6829224856219973
            ],
            [
              -74.035635806291168,
              4.6850073899853397
            ],
            [
              -74.035594263115513,
              4.6851103247425891
            ],
            [
              -74.035242428109314,
              4.6859820937025578
            ],
            [
              -74.034958321644581,
              4.6871665991165887
            ],
            [
              -74.034604281280963,
              4.6887750787932871
            ],
            [
              -74.0343551417659,
              4.6896711068739805
            ],
            [
              -74.034019423879158,
              4.690694880231586
            ],
            [
              -74.033913684028505,
              4.6910173344295192
            ],
            [
              -74.033564014533567,
              4.6921319059445592
            ],
            [
              -74.033091196067232,
              4.6935994853399245
            ],
            [
              -74.032890900755774,
              4.6942211811767534
            ],
            [
              -74.032506264311394,
              4.694907407560569
            ],
            [
              -74.031885600957878,
              4.6959301908331543
            ],
            [
              -74.031378580190278,
              4.6967781393584094
            ],
            [
              -74.031181891099322,
              4.6970447623484191
            ],
            [
              -74.030714208149789,
              4.6976304587523021
            ],
            [
              -74.030438843422587,
              4.6979101943484034
            ],
            [
              -74.029376722331619,
              4.6985876789946781
            ],
            [
              -74.029219371058957,
              4.6987843680856853
            ],
            [
              -74.028865330695282,
              4.699335097540013
            ],
            [
              -74.028533144675066,
              4.7012233128126404
            ],
            [
              -74.028526024961991,
              4.7019139249878892
            ],
            [
              -74.028524402937705,
              4.7020712613379043
            ],
            [
              -74.028576853361983,
              4.7038108670751742
            ],
            [
              -74.028423872957887,
              4.7057821288528885
            ],
            [
              -74.028428243826625,
              4.7064465008933052
            ],
            [
              -74.028423872957887,
              4.7071458398831538
            ],
            [
              -74.028563740755942,
              4.7088767038830053
            ],
            [
              -74.028659899867023,
              4.7100786927718294
            ],
            [
              -74.029067424377786,
              4.7116372407094023
            ],
            [
              -74.029232483664998,
              4.7122684979837164
            ],
            [
              -74.029276192351972,
              4.712823598306958
            ],
            [
              -74.029027052836739,
              4.7138114146302135
            ],
            [
              -74.028742946372063,
              4.7147511513977065
            ],
            [
              -74.028659899867023,
              4.7153368478017574
            ],
            [
              -74.028673729247942,
              4.7161712204513275
            ],
            [
              -74.028686125079162,
              4.7169191022664299
            ],
            [
              -74.028677383341858,
              4.7172425465491656
            ],
            [
              -74.028467581644861,
              4.7177058586299374
            ],
            [
              -74.027707050493291,
              4.7188466553571793
            ],
            [
              -74.027121354089388,
              4.7200486442460408
            ],
            [
              -74.026452611180162,
              4.7208222880034034
            ],
            [
              -74.0262253260085,
              4.721189440973105
            ],
            [
              -74.026133537766157,
              4.7215653356802809
            ],
            [
              -74.026067974735781,
              4.7224744763670721
            ],
            [
              -74.026076716473085,
              4.7226930198014205
            ],
            [
              -74.02596307388734,
              4.723344279235735
            ],
            [
              -74.02553909962478,
              4.7242752742659162
            ],
            [
              -74.025106383624689,
              4.7249440171749537
            ],
            [
              -74.024852873240889,
              4.7253199118820781
            ],
            [
              -74.024800422816611,
              4.7256477270334845
            ],
            [
              -74.024734859786406,
              4.7265787220638469
            ],
            [
              -74.024516707851944,
              4.7275322571321432
            ],
            [
              -74.024463865927771,
              4.7277632274779302
            ],
            [
              -74.024039891665154,
              4.7291662763261479
            ],
            [
              -74.023878169523698,
              4.7306130338615624
            ],
            [
              -74.023821348230854,
              4.7315877375785504
            ],
            [
              -74.023830089968158,
              4.7320729040027327
            ],
            [
              -74.024083600352128,
              4.7332093298613991
            ],
            [
              -74.024162275988431,
              4.7337775427906825
            ],
            [
              -74.02424095162479,
              4.7345905243662116
            ],
            [
              -74.024223468150012,
              4.7354690689723551
            ],
            [
              -74.024162275988431,
              4.7359192684469873
            ],
            [
              -74.02402240819049,
              4.7361552953561077
            ],
            [
              -74.023323485549213,
              4.736900606668156
            ],
            [
              -74.023034591867258,
              4.7372086747096276
            ],
            [
              -74.022855386251024,
              4.7375321189923536
            ],
            [
              -74.022728631059181,
              4.7378905302247585
            ],
            [
              -74.022628101079363,
              4.7394334468710797
            ],
            [
              -74.022623730210739,
              4.739927355032683
            ],
            [
              -74.022523200230921,
              4.7404300049316364
            ],
            [
              -74.022234722897451,
              4.7410900061033665
            ],
            [
              -74.022204126816746,
              4.7417237820629081
            ],
            [
              -74.022195385079385,
              4.7424406045275322
            ],
            [
              -74.022204126816746,
              4.7440840511535605
            ],
            [
              -74.022217239422844,
              4.7445298797595621
            ],
            [
              -74.022343994614744,
              4.7459067033959812
            ],
            [
              -74.022427041119784,
              4.7466541219413116
            ],
            [
              -74.022592324860852,
              4.7471158940427598
            ],
            [
              -74.0228510153824,
              4.7478386273553506
            ],
            [
              -74.023397373968237,
              4.7494427361634219
            ],
            [
              -74.024039891665154,
              4.7511736001633897
            ],
            [
              -74.024122938170194,
              4.7516806209309799
            ],
            [
              -74.024323369956733,
              4.7539354785286276
            ],
            [
              -74.024332739867191,
              4.7540408900216224
            ],
            [
              -74.024498832877214,
              4.7558635422640512
            ],
            [
              -74.024634329806645,
              4.7564973182235812
            ],
            [
              -74.024778568473209,
              4.7568207625064876
            ],
            [
              -74.025407973564143,
              4.7581407648497818
            ],
            [
              -74.026067974735781,
              4.7591198394356127
            ],
            [
              -74.026255922089376,
              4.7594520254557589
            ],
            [
              -74.026330226857056,
              4.7596967941021928
            ],
            [
              -74.026347710331834,
              4.760413616566824
            ],
            [
              -74.026474465523734,
              4.7608944121223811
            ],
            [
              -74.026671154614633,
              4.7615019628698407
            ],
            [
              -74.027278705362107,
              4.7628350778190587
            ],
            [
              -74.027453540109434,
              4.7633945490110872
            ],
            [
              -74.027497248796408,
              4.7638491193543926
            ],
            [
              -74.027552159053016,
              4.7646612131485648
            ],
            [
              -74.027580295301448,
              4.7650773334554586
            ],
            [
              -74.027558440958046,
              4.7665109783846082
            ],
            [
              -74.027628374856988,
              4.7678003846471935
            ],
            [
              -74.02756718269535,
              4.7684079353946487
            ],
            [
              -74.02739671881659,
              4.7688056844450504
            ],
            [
              -74.026950890210571,
              4.7699508520409664
            ],
            [
              -74.026920294129809,
              4.7701344285258207
            ],
            [
              -74.02693777760453,
              4.7704491310712474
            ],
            [
              -74.02706016192775,
              4.7706414492934037
            ],
            [
              -74.027344268392426,
              4.7713276756771634
            ],
            [
              -74.027370493604451,
              4.7716467490914356
            ],
            [
              -74.027357380998467,
              4.7718958886064913
            ],
            [
              -74.026491948998341,
              4.7734956265458868
            ],
            [
              -74.026269034695474,
              4.7740201307882462
            ],
            [
              -74.026172875584336,
              4.7744878137376503
            ],
            [
              -74.026028756433675,
              4.7770414766942073
            ],
            [
              -74.026199493491674,
              4.7780872411748643
            ],
            [
              -74.026647678269228,
              4.7793144137797894
            ],
            [
              -74.026882441724069,
              4.78088306050069
            ],
            [
              -74.027245257972481,
              4.7821209041717534
            ],
            [
              -74.027415995030537,
              4.782846536668611
            ],
            [
              -74.027544047824108,
              4.7832733793137399
            ],
            [
              -74.027996074185296,
              4.7837860173305282
            ],
            [
              -74.028180470208099,
              4.7843596938457216
            ],
            [
              -74.028187299690444,
              4.7847216564087418
            ],
            [
              -74.027798019197974,
              4.7857255903102409
            ],
            [
              -74.027750212821672,
              4.7860055990854669
            ],
            [
              -74.027750212821672,
              4.7862309720021061
            ],
            [
              -74.028207788137365,
              4.7874329608909152
            ],
            [
              -74.02834437778381,
              4.7882251808404073
            ],
            [
              -74.028371695713133,
              4.7885529959919886
            ],
            [
              -74.028323889336889,
              4.7890652071660877
            ],
            [
              -74.028064369008518,
              4.7898301091863074
            ],
            [
              -74.028050710043885,
              4.7900623115851237
            ],
            [
              -74.028146322796488,
              4.790383297254472
            ],
            [
              -74.028419502089321,
              4.7907042829235937
            ],
            [
              -74.028733658276167,
              4.7910867339336489
            ],
            [
              -74.028986349122192,
              4.791981396117972
            ],
            [
              -74.029102450321716,
              4.7921862805875231
            ],
            [
              -74.030618595397414,
              4.7940848766733408
            ],
            [
              -74.031199101394805,
              4.7953005245269491
            ],
            [
              -74.031403985864586,
              4.7960176201707716
            ],
            [
              -74.031356179488284,
              4.7965981261681367
            ],
            [
              -74.031137636053984,
              4.7972879038827463
            ],
            [
              -74.030905433654993,
              4.7978479214332497
            ],
            [
              -74.030748355561457,
              4.7984079389838197
            ],
            [
              -74.03037273403379,
              4.8002655581755631
            ],
            [
              -74.030345416104524,
              4.8012353446654004
            ],
            [
              -74.03024297386969,
              4.8021914721905992
            ],
            [
              -74.030065407329289,
              4.8031544291980195
            ],
            [
              -74.02986735234191,
              4.8037281057132226
            ],
            [
              -74.029840034412587,
              4.8041310451702532
            ],
            [
              -74.029881011306543,
              4.80574963248079
            ],
            [
              -74.02985369337722,
              4.8076755464958723
            ],
            [
              -74.030236144387345,
              4.8086658214327391
            ],
            [
              -74.030331757139834,
              4.8089526596901919
            ],
            [
              -74.030509323680235,
              4.8098131744628425
            ],
            [
              -74.030871286243269,
              4.8122512996521367
            ],
            [
              -74.030946410548893,
              4.8126678980738653
            ],
            [
              -74.030919092619627,
              4.8139996471267121
            ],
            [
              -74.030898604172592,
              4.8147918670762575
            ],
            [
              -74.030857627278635,
              4.8150650463691447
            ],
            [
              -74.030734696596824,
              4.8155635985787724
            ],
            [
              -74.03064591332668,
              4.8159801970004423
            ],
            [
              -74.03065957229137,
              4.8167860759144494
            ],
            [
              -74.030686890220636,
              4.8173802408766271
            ],
            [
              -74.030816650384679,
              4.8176807380987174
            ],
            [
              -74.030973728478216,
              4.8181656313437191
            ],
            [
              -74.031062511748303,
              4.8188554090583207
            ]
          ],
          [
            [
              -74.031178612947713,
              4.8188349206114642
            ],
            [
              -74.031076170712993,
              4.8181109954852435
            ],
            [
              -74.030898604172592,
              4.8176943970633479
            ],
            [
              -74.030789332455413,
              4.8173324345003348
            ],
            [
              -74.030734696596824,
              4.8160621507884098
            ],
            [
              -74.030987387442678,
              4.8149489451697374
            ],
            [
              -74.031069341230705,
              4.8133781642354423
            ],
            [
              -74.031014705372172,
              4.8125381379096606
            ],
            [
              -74.030618595397243,
              4.8099907410033573
            ],
            [
              -74.030454687821532,
              4.8088843648670858
            ],
            [
              -74.029997112505953,
              4.8076755464958723
            ],
            [
              -74.029976624058918,
              4.8067330779352542
            ],
            [
              -74.029949306129595,
              4.8061320834908496
            ],
            [
              -74.029942476647363,
              4.8042539758520579
            ],
            [
              -74.02998345354132,
              4.8038305479481629
            ],
            [
              -74.030236144387345,
              4.8028949088699413
            ],
            [
              -74.0304888352332,
              4.8011533908776629
            ],
            [
              -74.030509323680121,
              4.8003543414458791
            ],
            [
              -74.030509323680121,
              4.8001016505998626
            ],
            [
              -74.03089177469036,
              4.798244031407946
            ],
            [
              -74.03116495398325,
              4.7975405947287628
            ],
            [
              -74.031403985864472,
              4.7968986233904554
            ],
            [
              -74.031540575510917,
              4.7961337213701709
            ],
            [
              -74.031199101394805,
              4.7949522209283977
            ],
            [
              -74.030734696596824,
              4.794084876673514
            ],
            [
              -74.029143427215502,
              4.7920838383527444
            ],
            [
              -74.029040984980782,
              4.7917696821660281
            ],
            [
              -74.028842929993289,
              4.7911686877216182
            ],
            [
              -74.028733658276167,
              4.790943314804978
            ],
            [
              -74.028392184159998,
              4.7904993984540472
            ],
            [
              -74.028194129172732,
              4.7901647538201244
            ],
            [
              -74.028166811243295,
              4.7899188924565035
            ],
            [
              -74.028200958654963,
              4.7896798605752924
            ],
            [
              -74.028480967430255,
              4.788990082860523
            ],
            [
              -74.028528773806443,
              4.7885529959919886
            ],
            [
              -74.028467308465622,
              4.7881432270524957
            ],
            [
              -74.027948267809109,
              4.7864358564718223
            ],
            [
              -74.027886802468117,
              4.7860807233910307
            ],
            [
              -74.027907290914982,
              4.7858212030627838
            ],
            [
              -74.028002903667698,
              4.7855480237699002
            ],
            [
              -74.028153152278605,
              4.7851587432774423
            ],
            [
              -74.028276082960417,
              4.78489239346702
            ],
            [
              -74.028303400889911,
              4.7845782372800736
            ],
            [
              -74.02824193554892,
              4.7841752978229817
            ],
            [
              -74.028084857455553,
              4.7837313814720419
            ],
            [
              -74.02790046143275,
              4.7834855201084325
            ],
            [
              -74.027613623175171,
              4.7831577049569054
            ],
            [
              -74.027497521975647,
              4.7827684244646234
            ],
            [
              -74.027388250258468,
              4.7820854762322496
            ],
            [
              -74.027094582518657,
              4.7812454499064536
            ],
            [
              -74.026903357013623,
              4.7805351837450472
            ],
            [
              -74.026828232707999,
              4.7797634522423644
            ],
            [
              -74.026677984096864,
              4.7789507438460079
            ],
            [
              -74.026438952215642,
              4.7783087725077067
            ],
            [
              -74.026336509980752,
              4.7780492521794562
            ],
            [
              -74.026186261369617,
              4.7774345987704159
            ],
            [
              -74.02615894344035,
              4.7765877429623993
            ],
            [
              -74.026254556192839,
              4.7749076903109824
            ],
            [
              -74.026295533086795,
              4.7745320687831612
            ],
            [
              -74.026466270144965,
              4.7739037564094886
            ],
            [
              -74.027053605624701,
              4.7726744495914062
            ],
            [
              -74.027518010422682,
              4.7717934463717162
            ],
            [
              -74.027504351458049,
              4.7714861196671752
            ],
            [
              -74.027367761811547,
              4.7711514750334096
            ],
            [
              -74.027080923554024,
              4.7704138909425682
            ],
            [
              -74.027012628730802,
              4.7701953475082179
            ],
            [
              -74.027053605624701,
              4.770065587344007
            ],
            [
              -74.027640941104494,
              4.7684674884805043
            ],
            [
              -74.027722894892349,
              4.7679894247179142
            ],
            [
              -74.02763651101219,
              4.7646550069396394
            ],
            [
              -74.027620452657573,
              4.7640351544530253
            ],
            [
              -74.027586305245904,
              4.7636390444783325
            ],
            [
              -74.027408738705503,
              4.7628399950463862
            ],
            [
              -74.027183365788801,
              4.7623755902485918
            ],
            [
              -74.026739449437855,
              4.761392144793958
            ],
            [
              -74.026426385968136,
              4.7603961330921045
            ],
            [
              -74.026413273362095,
              4.7597842114759645
            ],
            [
              -74.026338968594416,
              4.7595525554355227
            ],
            [
              -74.025814464351981,
              4.7584991760820019
            ],
            [
              -74.025324927058989,
              4.7574589093346384
            ],
            [
              -74.024835389766224,
              4.7561957282842533
            ],
            [
              -74.02470863457421,
              4.7556843366478736
            ],
            [
              -74.02462121720049,
              4.7549544015772574
            ],
            [
              -74.024529470581513,
              4.7539268394434391
            ],
            [
              -74.024468236796508,
              4.7532410210520091
            ],
            [
              -74.024411415503607,
              4.7526946624663093
            ],
            [
              -74.02423658075611,
              4.7513484349107671
            ],
            [
              -74.023572208715791,
              4.7494471070320516
            ],
            [
              -74.023336181806599,
              4.7489007484463448
            ],
            [
              -74.022951545362275,
              4.7475195539412933
            ],
            [
              -74.022763522765786,
              4.7470778500639019
            ],
            [
              -74.022676180634903,
              4.7468726653756601
            ],
            [
              -74.022536312836962,
              4.7463175650524887
            ],
            [
              -74.022399766899184,
              4.7452975791357748
            ],
            [
              -74.022391374831273,
              4.7447548920796256
            ],
            [
              -74.022394172187205,
              4.7433813903035418
            ],
            [
              -74.022366198627651,
              4.7417029767280221
            ],
            [
              -74.02245291666236,
              4.7410148271618979
            ],
            [
              -74.022643136867714,
              4.7405616554965562
            ],
            [
              -74.02277740995379,
              4.7401056864751121
            ],
            [
              -74.022805383513344,
              4.7398735059304373
            ],
            [
              -74.022858533276519,
              4.7388776472089402
            ],
            [
              -74.022869722700307,
              4.7383125813050455
            ],
            [
              -74.022967630158973,
              4.7376607973666225
            ],
            [
              -74.023040361413791,
              4.737484563941047
            ],
            [
              -74.023124282092624,
              4.7373363040753667
            ],
            [
              -74.023481850207759,
              4.7369651328253495
            ],
            [
              -74.024153709085795,
              4.7362677140987186
            ],
            [
              -74.024215250916882,
              4.7361642119283145
            ],
            [
              -74.024282387459891,
              4.7360411282661401
            ],
            [
              -74.02433833457917,
              4.7358984631120951
            ],
            [
              -74.024419457901899,
              4.7355571856850283
            ],
            [
              -74.024425052613879,
              4.7345613269635383
            ],
            [
              -74.024380294918558,
              4.7337053360398622
            ],
            [
              -74.024192872069307,
              4.7328017900649977
            ],
            [
              -74.024036220135486,
              4.7322311294493522
            ],
            [
              -74.024025030711698,
              4.7319569885653472
            ],
            [
              -74.024022233355652,
              4.7315569666631818
            ],
            [
              -74.024156506441727,
              4.729858971595621
            ],
            [
              -74.024223642984737,
              4.7292547427084992
            ],
            [
              -74.024355118714936,
              4.7287120556522932
            ],
            [
              -74.024497783868753,
              4.7284379147682802
            ],
            [
              -74.024671219938284,
              4.7277133995748626
            ],
            [
              -74.024699566255777,
              4.7276084578889268
            ],
            [
              -74.024802695668484,
              4.7272266596378252
            ],
            [
              -74.024836263939847,
              4.7270056685171014
            ],
            [
              -74.024897805771047,
              4.7265748756993959
            ],
            [
              -74.024959347602135,
              4.7261412855256344
            ],
            [
              -74.024967739669989,
              4.7258475631498191
            ],
            [
              -74.024970537025922,
              4.7256097878932746
            ],
            [
              -74.025032078857123,
              4.7254559333155033
            ],
            [
              -74.025163554587152,
              4.7251342373801872
            ],
            [
              -74.025745404626775,
              4.7243174094400349
            ],
            [
              -74.025941219543938,
              4.7239034007580845
            ],
            [
              -74.026078289985946,
              4.7236040836703985
            ],
            [
              -74.026226549851742,
              4.7228152292898562
            ],
            [
              -74.026250125376123,
              4.7227063328205876
            ],
            [
              -74.026285294326897,
              4.7225438857617235
            ],
            [
              -74.026302078462663,
              4.7216683133464654
            ],
            [
              -74.02634963351403,
              4.7213745909706439
            ],
            [
              -74.026402783277206,
              4.7212403178846927
            ],
            [
              -74.02651188015966,
              4.720974569068483
            ],
            [
              -74.027261571556892,
              4.7200598336698283
            ],
            [
              -74.027465778541909,
              4.7196849879713429
            ],
            [
              -74.027655998747093,
              4.7192625872214267
            ],
            [
              -74.028000073530166,
              4.718571640299376
            ],
            [
              -74.028584720925721,
              4.717752015003394
            ],
            [
              -74.028763751707118,
              4.7174499005597239
            ],
            [
              -74.028842077673914,
              4.7172736671342035
            ],
            [
              -74.028886835369235,
              4.7168708478760495
            ],
            [
              -74.028906416861048,
              4.7166274779076414
            ],
            [
              -74.028856064453805,
              4.7161771035980609
            ],
            [
              -74.02883368560606,
              4.7155812667787425
            ],
            [
              -74.028872848589572,
              4.7150833374180836
            ],
            [
              -74.028895227437147,
              4.7148567515853186
            ],
            [
              -74.029286857271586,
              4.7135224127926918
            ],
            [
              -74.029454698629024,
              4.7131139988224957
            ],
            [
              -74.029496658968412,
              4.7126748139368848
            ],
            [
              -74.029418333001615,
              4.7123055629503128
            ],
            [
              -74.029295249339327,
              4.7118691754206745
            ],
            [
              -74.029253854637545,
              4.711695317673259
            ],
            [
              -74.028987540183778,
              4.7105767969673735
            ],
            [
              -74.028811306758485,
              4.7099222156727851
            ],
            [
              -74.028758156995139,
              4.7094354757359147
            ],
            [
              -74.028696615164051,
              4.7086046610159853
            ],
            [
              -74.028598707705385,
              4.7071136702895915
            ],
            [
              -74.028607449442916,
              4.705694711479115
            ],
            [
              -74.028769171584202,
              4.7035486149539611
            ],
            [
              -74.0287473172408,
              4.7030984154793369
            ],
            [
              -74.028680130784323,
              4.7019837310865764
            ],
            [
              -74.028651158129719,
              4.7015030484087337
            ],
            [
              -74.0287473172408,
              4.7009260937421598
            ],
            [
              -74.029070761523712,
              4.699383177095668
            ],
            [
              -74.029455397968093,
              4.6988455602472134
            ],
            [
              -74.030692353806387,
              4.6979670156413
            ],
            [
              -74.030834374330709,
              4.6977842825667526
            ],
            [
              -74.031347984109402,
              4.6971234379847155
            ],
            [
              -74.032278979139733,
              4.6957422434798461
            ],
            [
              -74.032541231260893,
              4.6952264809746183
            ],
            [
              -74.033091960715467,
              4.6942998568130525
            ],
            [
              -74.033284278937629,
              4.6938278029950231
            ],
            [
              -74.033338960918627,
              4.6936979332899611
            ],
            [
              -74.033424146735513,
              4.6934956169748219
            ],
            [
              -74.034127856594239,
              4.6913713747930661
            ],
            [
              -74.034309824839056,
              4.690794275502622
            ],
            [
              -74.034739778210451,
              4.6894307090962268
            ],
            [
              -74.035155010735537,
              4.6877479246518536
            ],
            [
              -74.035430375462909,
              4.6861001071570376
            ],
            [
              -74.035776614238102,
              4.6852128702954525
            ],
            [
              -74.035849978856731,
              4.685024873460117
            ],
            [
              -74.035937396230509,
              4.6847626213389697
            ],
            [
              -74.036894616472864,
              4.6826952004501132
            ],
            [
              -74.037703227179975,
              4.6810430120866755
            ],
            [
              -74.038082739999822,
              4.6802783098464493
            ],
            [
              -74.038345744876892,
              4.6798628775412121
            ],
            [
              -74.038605419999897,
              4.6795279398466034
            ],
            [
              -74.038975149967769,
              4.6790979755211533
            ],
            [
              -74.039219918614208,
              4.6788182399252225
            ],
            [
              -74.039871178048656,
              4.6780008874808345
            ],
            [
              -74.040072238008179,
              4.6777167810161071
            ],
            [
              -74.0402164766748,
              4.6774020784706813
            ],
            [
              -74.040317006654618,
              4.6770392963697729
            ],
            [
              -74.040452503583936,
              4.6762088313192853
            ],
            [
              -74.040609854856655,
              4.675789227925307
            ],
            [
              -74.040968266089067,
              4.6752079023901008
            ],
            [
              -74.041226147341433,
              4.6748931998446164
            ],
            [
              -74.04143594903843,
              4.6746877690163613
            ],
            [
              -74.041839158237622,
              4.674371479165365
            ],
            [
              -74.042165884109124,
              4.6741151852184055
            ],
            [
              -74.042563633159602,
              4.6738048535416628
            ],
            [
              -74.042957011341457,
              4.673398362753777
            ],
            [
              -74.043114362614176,
              4.6730268389154519
            ],
            [
              -74.043878817669167,
              4.6714548609152624
            ],
            [
              -74.044355689321208,
              4.6704742516024131
            ],
            [
              -74.04552271126056,
              4.66806590295616
            ],
            [
              -74.046676620593985,
              4.6657231173400682
            ],
            [
              -74.04692953591973,
              4.6652415665596596
            ],
            [
              -74.047222979179651,
              4.6646828505926488
            ],
            [
              -74.047459006088786,
              4.6643637771785995
            ],
            [
              -74.048315696351494,
              4.6635682790776025
            ],
            [
              -74.050949850765846,
              4.6607928729045396
            ],
            [
              -74.051331595745182,
              4.6603906575423988
            ],
            [
              -74.052551068108812,
              4.6592192647344639
            ],
            [
              -74.052961929765502,
              4.6588652243708504
            ],
            [
              -74.053101797563386,
              4.6586423100678189
            ],
            [
              -74.05474961505837,
              4.6562601866335971
            ],
            [
              -74.055020608916834,
              4.6558799210578004
            ],
            [
              -74.055405245361328,
              4.6551106481690656
            ],
            [
              -74.055500983750164,
              4.6549065266985519
            ],
            [
              -74.05610021348258,
              4.6536289236842592
            ],
            [
              -74.056672797280555,
              4.6527372664722533
            ],
            [
              -74.057144851098656,
              4.6518849470783659
            ],
            [
              -74.057542600149134,
              4.6514085223914883
            ],
            [
              -74.058272535219828,
              4.6507485212197572
            ],
            [
              -74.058561012553071,
              4.6503464013005535
            ],
            [
              -74.059588166694539,
              4.6484188482097553
            ],
            [
              -74.05981267009048,
              4.647897679612421
            ],
            [
              -74.059832935341035,
              4.6478506352806468
            ],
            [
              -74.060353068714733,
              4.6468540772200289
            ],
            [
              -74.061039295098624,
              4.6459274530585235
            ],
            [
              -74.061332143300604,
              4.6454641409777411
            ],
            [
              -74.06145452762371,
              4.6450707627957932
            ],
            [
              -74.061665112723915,
              4.6443239455333725
            ],
            [
              -74.06187850188644,
              4.6435671839676447
            ],
            [
              -74.062035853159159,
              4.6429334080081661
            ],
            [
              -74.062538503058192,
              4.6411326101093122
            ],
            [
              -74.062959126630176,
              4.6394907277519941
            ],
            [
              -74.063172279017635,
              4.6386586984326321
            ],
            [
              -74.063476141808735,
              4.6374231412722873
            ],
            [
              -74.063792942371151,
              4.6359618724529312
            ],
            [
              -74.063836651058125,
              4.6349827978671438
            ],
            [
              -74.063959035381174,
              4.6329197478471444
            ],
            [
              -74.06402459841155,
              4.6325525948774411
            ],
            [
              -74.064320726682809,
              4.6314382174361217
            ],
            [
              -74.064356784431823,
              4.6313025264329735
            ],
            [
              -74.06529215033072,
              4.6281992096656106
            ],
            [
              -74.065436388997398,
              4.6276397384735741
            ],
            [
              -74.065877846734793,
              4.6258301988374875
            ],
            [
              -74.065878386477436,
              4.6258279033057077
            ],
            [
              -74.066240628835772,
              4.6242872821909895
            ],
            [
              -74.066634007017626,
              4.6227487364132909
            ],
            [
              -74.067152595041989,
              4.6214156429045561
            ],
            [
              -74.067407650775124,
              4.6207599911609627
            ],
            [
              -74.068163811057957,
              4.6192695249387521
            ],
            [
              -74.068404208835659,
              4.618530848130721
            ],
            [
              -74.068828183098447,
              4.6172545544742301
            ],
            [
              -74.068985534371166,
              4.6166907124137415
            ],
            [
              -74.068998646977036,
              4.6164459437671486
            ],
            [
              -74.069234673886228,
              4.6154493857067536
            ],
            [
              -74.070736094131419,
              4.6122307667637283
            ]
          ]
        ]
      },
      "properties": {
        "FID": 0,
        "CORREDOR": "Av Carrera 7"
      }
    },
    {
      "type": "Feature",
      "id": 1,
      "geometry": {
        "type": "MultiLineString",
        "coordinates": [
          [
            [
              -74.107062568605329,
              4.598223965243089
            ],
            [
              -74.10332995899995,
              4.6009582148489105
            ],
            [
              -74.101451851999911,
              4.6023988088488883
            ],
            [
              -74.100520330719462,
              4.6032887438570231
            ],
            [
              -74.100256691999959,
              4.603540612849006
            ],
            [
              -74.098752071999968,
              4.6052906668489682
            ],
            [
              -74.094622369999968,
              4.6105194898486026
            ],
            [
              -74.093285517250422,
              4.6122111855179746
            ],
            [
              -74.092893656999934,
              4.6127070578487128
            ],
            [
              -74.089169454999933,
              4.6171675638484988
            ],
            [
              -74.088956832116082,
              4.6174170702501973
            ],
            [
              -74.088123689999975,
              4.6183947368484741
            ],
            [
              -74.084411021105268,
              4.6228687597091245
            ],
            [
              -74.083492447999959,
              4.6239757038483109
            ],
            [
              -74.082692117999898,
              4.624690665848302
            ],
            [
              -74.082414669999935,
              4.6250854948481921
            ],
            [
              -74.080675285999916,
              4.6274758138480907
            ],
            [
              -74.080195087999982,
              4.6285322498480541
            ],
            [
              -74.079928310999946,
              4.6294499608480217
            ],
            [
              -74.079869113164477,
              4.6297623940911645
            ],
            [
              -74.079736231999846,
              4.6304637118481251
            ],
            [
              -74.079106638999974,
              4.6369410498478718
            ],
            [
              -74.079040958699125,
              4.6382940673428674
            ],
            [
              -74.078839862999928,
              4.6424366488476094
            ],
            [
              -74.078683483922873,
              4.6440435401756499
            ],
            [
              -74.078506924999829,
              4.6458577918474644
            ],
            [
              -74.077490639999951,
              4.657203402847121
            ],
            [
              -74.077363568277804,
              4.6577815791635233
            ],
            [
              -74.077157168999975,
              4.658720695847137
            ],
            [
              -74.075506487999974,
              4.6648732318468875
            ],
            [
              -74.07505630299994,
              4.6653734378468963
            ],
            [
              -74.074240383466417,
              4.6663410348211096
            ],
            [
              -74.071449353941148,
              4.6696509098915611
            ],
            [
              -74.069854157999941,
              4.6715426488466765
            ],
            [
              -74.06848692799997,
              4.6728932048466696
            ],
            [
              -74.065535710999939,
              4.6747606418466487
            ],
            [
              -74.058782794699823,
              4.6784116694555689
            ]
          ],
          [
            [
              -74.107086607151189,
              4.5986207510716426
            ],
            [
              -74.103526135045115,
              4.6011554681983799
            ],
            [
              -74.102798329357142,
              4.6016732313258748
            ],
            [
              -74.100952474921655,
              4.6033380020628973
            ],
            [
              -74.100805650184896,
              4.6034988041729701
            ],
            [
              -74.098818576230315,
              4.605675042946662
            ],
            [
              -74.095841837903947,
              4.6094953651695585
            ],
            [
              -74.093412546674813,
              4.6123748189193909
            ],
            [
              -74.091691438561099,
              4.6144148588916405
            ],
            [
              -74.089504234147341,
              4.6172747612109566
            ],
            [
              -74.089201181142755,
              4.6176350128833725
            ],
            [
              -74.086900899630734,
              4.6203694528958268
            ],
            [
              -74.084788366963437,
              4.6229839259970245
            ],
            [
              -74.084685391651703,
              4.6230958205919359
            ],
            [
              -74.083924137326903,
              4.6239230115270349
            ],
            [
              -74.083497387512637,
              4.6247233406663479
            ],
            [
              -74.083262676793083,
              4.6251821951444887
            ],
            [
              -74.082323724577918,
              4.6258011710779021
            ],
            [
              -74.081875596271345,
              4.6261853509325697
            ],
            [
              -74.081246108045434,
              4.6270070393820921
            ],
            [
              -74.080744693198369,
              4.6281274915450874
            ],
            [
              -74.080275291900648,
              4.6292692819182504
            ],
            [
              -74.080192634268258,
              4.6298334784083028
            ],
            [
              -74.079976699865881,
              4.6313073826140467
            ],
            [
              -74.079497007828195,
              4.636674709239835
            ],
            [
              -74.079375175663642,
              4.6383092398748822
            ],
            [
              -74.079123988617539,
              4.6416792277898224
            ],
            [
              -74.078964115568851,
              4.6437386571046524
            ],
            [
              -74.078936133874663,
              4.6440991568142254
            ],
            [
              -74.078559103909186,
              4.6489565894055183
            ],
            [
              -74.078281957503805,
              4.652157777443267
            ],
            [
              -74.077951490030443,
              4.6557110982176235
            ],
            [
              -74.07784493421326,
              4.6573757126214304
            ],
            [
              -74.077721080875904,
              4.6579446728834135
            ],
            [
              -74.077322293370969,
              4.6597766319429947
            ],
            [
              -74.076340933283689,
              4.6634473872029689
            ],
            [
              -74.075583509789226,
              4.6655068702275528
            ],
            [
              -74.07459730266487,
              4.6666568753664972
            ],
            [
              -74.073332261013263,
              4.6681320263404329
            ],
            [
              -74.071723032480861,
              4.6700172528786403
            ],
            [
              -74.071027666232737,
              4.6708318810547125
            ],
            [
              -74.069043138848201,
              4.672987509268685
            ],
            [
              -74.068114860053925,
              4.6736384958744255
            ],
            [
              -74.066706427894644,
              4.6745242776004252
            ],
            [
              -74.064977891893591,
              4.6755488051668017
            ],
            [
              -74.058566714513233,
              4.6794510833513661
            ]
          ]
        ]
      },
      "properties": {
        "FID": 1,
        "CORREDOR": "NQS"
      }
    },
    {
      "type": "Feature",
      "id": 2,
      "geometry": {
        "type": "MultiLineString",
        "coordinates": [
          [
            [
              -74.084941786733225,
              4.4566391504864518
            ],
            [
              -74.086038959590269,
              4.4586666745964028
            ],
            [
              -74.086366186582609,
              4.4595392799095697
            ],
            [
              -74.087014224352004,
              4.4625099877037204
            ],
            [
              -74.087559602672798,
              4.4657060650684821
            ],
            [
              -74.088121021532402,
              4.4675607523724636
            ],
            [
              -74.08911352987343,
              4.4705683534058211
            ],
            [
              -74.090025835520294,
              4.4721924579637795
            ],
            [
              -74.090386747644288,
              4.4727538768234734
            ],
            [
              -74.091970750855296,
              4.4750797549559831
            ],
            [
              -74.094617439764761,
              4.4791199656773326
            ],
            [
              -74.097945851575162,
              4.484172735413666
            ],
            [
              -74.098226561004992,
              4.4844434195065768
            ],
            [
              -74.098978461263243,
              4.4847642302834529
            ],
            [
              -74.105454828822076,
              4.4868294496597176
            ],
            [
              -74.106377159805788,
              4.4872404884676556
            ],
            [
              -74.107008756022708,
              4.4876214512651131
            ],
            [
              -74.109735647626508,
              4.4906691536458112
            ],
            [
              -74.110026382393073,
              4.4911503698110069
            ],
            [
              -74.110086534413767,
              4.4917518900178139
            ],
            [
              -74.110036407729808,
              4.4921930048358485
            ],
            [
              -74.109815850320672,
              4.4925238409497439
            ],
            [
              -74.109605318248384,
              4.4928045503795033
            ],
            [
              -74.109134127419793,
              4.4931955385138043
            ],
            [
              -74.108211796436194,
              4.4937970587203822
            ],
            [
              -74.107810782964975,
              4.4942281482017989
            ],
            [
              -74.107560149545634,
              4.4946091109994741
            ],
            [
              -74.107419794830662,
              4.4949499724499864
            ],
            [
              -74.107369668146816,
              4.4954311886151883
            ],
            [
              -74.107379693483608,
              4.4959525061277157
            ],
            [
              -74.107439845504246,
              4.4969249637951361
            ],
            [
              -74.107449870840981,
              4.4975966613593688
            ],
            [
              -74.107249584905958,
              4.4981910583279561
            ],
            [
              -74.107139085400945,
              4.4985189923429934
            ],
            [
              -74.106738071929783,
              4.4993210192850679
            ],
            [
              -74.104492396491366,
              4.5041432062752529
            ],
            [
              -74.104261813745495,
              4.5045442197465704
            ],
            [
              -74.104171585714482,
              4.5049051318703777
            ],
            [
              -74.10421168706165,
              4.5055868547714075
            ],
            [
              -74.104432244470786,
              4.5059978935792344
            ],
            [
              -74.104763080584462,
              4.506318704356274
            ],
            [
              -74.104976111259191,
              4.5064353640113533
            ],
            [
              -74.105184144729094,
              4.506549287102029
            ],
            [
              -74.105565107526672,
              4.5066395151330916
            ],
            [
              -74.112091601769407,
              4.5067197178273632
            ],
            [
              -74.112783350007021,
              4.5069101992260112
            ],
            [
              -74.113821175479075,
              4.5080392601749031
            ],
            [
              -74.113942020472905,
              4.5081707286801267
            ],
            [
              -74.114921057267736,
              4.5087826266767372
            ],
            [
              -74.121480603792634,
              4.5116707852211695
            ],
            [
              -74.121774314831043,
              4.5126008701761107
            ],
            [
              -74.121431651952889,
              4.5142897086471212
            ],
            [
              -74.121456127872761,
              4.5159785471180776
            ],
            [
              -74.121501608396727,
              4.5163752383552662
            ],
            [
              -74.121896694430291,
              4.5198212665372068
            ],
            [
              -74.123634484741046,
              4.5222443826042538
            ],
            [
              -74.125665986090155,
              4.5244472153923381
            ],
            [
              -74.126179980407414,
              4.5257933909851502
            ],
            [
              -74.127526156000272,
              4.5347026258170891
            ],
            [
              -74.127770915198937,
              4.5353634756535657
            ],
            [
              -74.128333861355941,
              4.5362690846888016
            ],
            [
              -74.133277997169387,
              4.5402341837074012
            ],
            [
              -74.136410914912688,
              4.5459370730367041
            ],
            [
              -74.136778053710714,
              4.5471363931102875
            ],
            [
              -74.13685148147033,
              4.5480175262253697
            ],
            [
              -74.136386438992815,
              4.5497308406162587
            ],
            [
              -74.136288535313327,
              4.5510770162088994
            ],
            [
              -74.136496004345759,
              4.5522395559560191
            ],
            [
              -74.136515277696333,
              4.5522969772488331
            ],
            [
              -74.138753254698543,
              4.5589646052828297
            ],
            [
              -74.138928167102733,
              4.5596165515163243
            ],
            [
              -74.138975870485751,
              4.5601094864735217
            ],
            [
              -74.13835572650737,
              4.5645936044709767
            ],
            [
              -74.138037703954296,
              4.5673763018097793
            ],
            [
              -74.138228517486027,
              4.5685211830006311
            ],
            [
              -74.139448641799504,
              4.5731722551693075
            ],
            [
              -74.140088949421283,
              4.5756130859327069
            ],
            [
              -74.140740895654972,
              4.5771554953149565
            ],
            [
              -74.141504149782293,
              4.5783639810162589
            ],
            [
              -74.142887547887938,
              4.5821802516523373
            ],
            [
              -74.143046559164361,
              4.5834682429920175
            ],
            [
              -74.143221471568552,
              4.5841360903533914
            ],
            [
              -74.14415963809995,
              4.5865212595010263
            ],
            [
              -74.145145508014366,
              4.5893993636056862
            ],
            [
              -74.145272717035539,
              4.5912597955408812
            ],
            [
              -74.145145508014366,
              4.5959506281977758
            ],
            [
              -74.144999217639963,
              4.5978326856663871
            ],
            [
              -74.144195256625949,
              4.6004582798641662
            ],
            [
              -74.143902335737778,
              4.6012228530298067
            ],
            [
              -74.143594830045856,
              4.6020254950052246
            ],
            [
              -74.142553140812936,
              4.6046979021227772
            ],
            [
              -74.142038605763958,
              4.6061828893526302
            ],
            [
              -74.141458939696122,
              4.6077004420920513
            ],
            [
              -74.141341703862167,
              4.6082996474655049
            ],
            [
              -74.14125703353767,
              4.6088923397371468
            ],
            [
              -74.140996509462184,
              4.6111263336838562
            ],
            [
              -74.140664341266017,
              4.613047698740175
            ],
            [
              -74.140403817190645,
              4.6142070308758658
            ],
            [
              -74.139876255937907,
              4.6167145751017618
            ],
            [
              -74.139433365009552,
              4.6183949553883421
            ],
            [
              -74.139361012876009,
              4.6186826615194159
            ],
            [
              -74.138879751349293,
              4.6205963838256645
            ],
            [
              -74.138664818987081,
              4.62137795605181
            ],
            [
              -74.13854758315307,
              4.6222702510102032
            ],
            [
              -74.138170247538312,
              4.6257883507125213
            ],
            [
              -74.138104692224942,
              4.6263995576057697
            ],
            [
              -74.137746471621199,
              4.6302488008201008
            ],
            [
              -74.137401277221272,
              4.6336356138006325
            ],
            [
              -74.137290554489141,
              4.6343846205175501
            ],
            [
              -74.136873715968477,
              4.6363776296945396
            ],
            [
              -74.136352667817619,
              4.6379668265546394
            ],
            [
              -74.135777895272781,
              4.6393563865530689
            ],
            [
              -74.135759975546023,
              4.6393997089694574
            ],
            [
              -74.134235909704728,
              4.6417704780558173
            ],
            [
              -74.133467363682257,
              4.6427279040330607
            ],
            [
              -74.131639482990408,
              4.6447223884335971
            ],
            [
              -74.130966332558046,
              4.6454568937230443
            ],
            [
              -74.130119629312901,
              4.6462580052549507
            ],
            [
              -74.127253864483123,
              4.6485896957300863
            ],
            [
              -74.126159663366309,
              4.6495927134204358
            ],
            [
              -74.12423178520811,
              4.6518071680615654
            ],
            [
              -74.1235413964082,
              4.652608279593462
            ],
            [
              -74.120349976484135,
              4.6562360773437206
            ],
            [
              -74.116207643684618,
              4.6610362334334212
            ],
            [
              -74.112794778296518,
              4.6649701469724159
            ],
            [
              -74.109056257814018,
              4.6690343225489555
            ],
            [
              -74.108515670357519,
              4.6694576741715448
            ],
            [
              -74.106758813084525,
              4.671257451410546
            ],
            [
              -74.104516625799647,
              4.673554415257656
            ],
            [
              -74.104164918297727,
              4.6738214524348969
            ],
            [
              -74.103826669445823,
              4.6744862053871516
            ],
            [
              -74.103227031626204,
              4.6756646602687182
            ],
            [
              -74.102562695233814,
              4.6766351124494889
            ],
            [
              -74.099976993785219,
              4.6802433708941029
            ],
            [
              -74.099254039475852,
              4.6809858645091387
            ],
            [
              -74.098902331974045,
              4.6813636244185099
            ],
            [
              -74.097319648215773,
              4.6836757755880161
            ],
            [
              -74.096433866359291,
              4.6850044483725242
            ],
            [
              -74.094792564684099,
              4.6873817305608192
            ],
            [
              -74.094076123476611,
              4.6884368530664329
            ],
            [
              -74.092467548203444,
              4.6907581509219503
            ],
            [
              -74.091959365363721,
              4.6914914978507438
            ],
            [
              -74.091568579250463,
              4.6922470176694953
            ],
            [
              -74.090448325726186,
              4.6943963412916023
            ],
            [
              -74.089998921696122,
              4.6947871274047888
            ],
            [
              -74.088872155069794,
              4.6953863327784084
            ],
            [
              -74.087406707145476,
              4.6958357368084629
            ],
            [
              -74.085999877138136,
              4.6962525753291713
            ],
            [
              -74.083296939855586,
              4.6969885558422764
            ],
            [
              -74.082756352399031,
              4.6972946716307984
            ],
            [
              -74.082372079387767,
              4.6975747350118073
            ],
            [
              -74.082098529108521,
              4.6980306521439577
            ],
            [
              -74.081955240866989,
              4.6983823596458114
            ],
            [
              -74.081167155538878,
              4.7017561464224045
            ],
            [
              -74.080880579055872,
              4.7027982427242625
            ],
            [
              -74.080906631463392,
              4.7032085681430287
            ],
            [
              -74.081701229893554,
              4.7055663110254606
            ],
            [
              -74.081772874014234,
              4.7059831495463404
            ],
            [
              -74.081668664384097,
              4.7063674225575909
            ],
            [
              -74.080580976369163,
              4.7087056261343871
            ],
            [
              -74.07994788375737,
              4.7098475232378316
            ],
            [
              -74.079519340761806,
              4.710620478088873
            ],
            [
              -74.079056910527868,
              4.7112783013792496
            ],
            [
              -74.078535862377009,
              4.7118579674470666
            ],
            [
              -74.078203694180786,
              4.7123073714771726
            ],
            [
              -74.076809890377206,
              4.7146586012578977
            ],
            [
              -74.076360486347141,
              4.7153424769557919
            ],
            [
              -74.076002265743398,
              4.7160719443670667
            ],
            [
              -74.075390034166105,
              4.7180910059515782
            ],
            [
              -74.074908064626584,
              4.720318486796474
            ],
            [
              -74.074491226105863,
              4.7214713058302253
            ],
            [
              -74.074106953094599,
              4.7221616946302287
            ],
            [
              -74.073090909200346,
              4.7235294460262462
            ],
            [
              -74.07218558803828,
              4.7246952912635845
            ],
            [
              -74.071169544144141,
              4.7258871889086755
            ],
            [
              -74.071050619204641,
              4.7260464107285722
            ],
            [
              -74.070381458815916,
              4.7269423114142874
            ],
            [
              -74.069801792748081,
              4.7277629622518322
            ],
            [
              -74.068675026121866,
              4.7294759080476494
            ],
            [
              -74.068549488404756,
              4.7297368943543709
            ],
            [
              -74.06842752825014,
              4.7299904430967175
            ],
            [
              -74.067248656808772,
              4.7327454851943349
            ],
            [
              -74.066890436205142,
              4.733676858764059
            ],
            [
              -74.066154455691958,
              4.7367119642427342
            ],
            [
              -74.065555250318539,
              4.73969496490637
            ],
            [
              -74.065184003511035,
              4.7417075133890032
            ],
            [
              -74.065072787167708,
              4.7424736704199466
            ],
            [
              -74.065008149760104,
              4.7429189503397353
            ],
            [
              -74.064903940129909,
              4.7445928175242704
            ],
            [
              -74.06480685614747,
              4.7471527688497517
            ],
            [
              -74.064780191194131,
              4.7478558815690795
            ],
            [
              -74.064786704296012,
              4.7493538950026899
            ],
            [
              -74.064884400824269,
              4.7508063167231462
            ],
            [
              -74.065223082122316,
              4.7533203740510368
            ],
            [
              -74.065530316999855,
              4.7554614808439979
            ],
            [
              -74.065745597524085,
              4.7569608528558955
            ],
            [
              -74.066138239999873,
              4.7584774898439788
            ],
            [
              -74.066173999999933,
              4.7592910398439292
            ],
            [
              -74.065929855341267,
              4.7600147845299752
            ],
            [
              -74.058887881992376,
              4.7695346930346174
            ]
          ],
          [
            [
              -74.105088067524832,
              4.5063140188559174
            ],
            [
              -74.104843283278569,
              4.5062084256516863
            ],
            [
              -74.10455254851189,
              4.50582746285406
            ],
            [
              -74.104362067113072,
              4.5052660439945891
            ],
            [
              -74.104372092449978,
              4.5046845744612467
            ],
            [
              -74.106196703743592,
              4.5008548958121777
            ],
            [
              -74.107369668146703,
              4.4984989416693555
            ],
            [
              -74.107406215132926,
              4.4983736377162087
            ],
            [
              -74.107580200218933,
              4.4977771174213297
            ],
            [
              -74.107740605607376,
              4.4971054198571512
            ],
            [
              -74.107600250892574,
              4.496483848976875
            ],
            [
              -74.107560149545463,
              4.4955314419831005
            ],
            [
              -74.107600250892574,
              4.4949198964396695
            ],
            [
              -74.107981213690152,
              4.4942181228651741
            ],
            [
              -74.109204304777052,
              4.4933459185654518
            ],
            [
              -74.109675495605643,
              4.4930752344723635
            ],
            [
              -74.110126635760651,
              4.4925739676335237
            ],
            [
              -74.110266990475623,
              4.4920426247843723
            ],
            [
              -74.110357218506635,
              4.4915012565983687
            ],
            [
              -74.109986281045849,
              4.4905488496044264
            ],
            [
              -74.107008756022594,
              4.4873206911619361
            ],
            [
              -74.105976146334456,
              4.4867692976390829
            ],
            [
              -74.099559930796374,
              4.4847642302834529
            ],
            [
              -74.099128841314837,
              4.4846138502317512
            ],
            [
              -74.098126307637074,
              4.4840123300251689
            ],
            [
              -74.096652583130663,
              4.4819070093017901
            ],
            [
              -74.092762752460658,
              4.4760020859394398
            ],
            [
              -74.090446899664869,
              4.4726235474452416
            ],
            [
              -74.089354137956036,
              4.470558328068976
            ],
            [
              -74.08889297246418,
              4.4696961491060963
            ],
            [
              -74.088752617749151,
              4.4692450089510523
            ],
            [
              -74.087770134745028,
              4.465806318436222
            ],
            [
              -74.08729894391638,
              4.4634002376094939
            ],
            [
              -74.086667347699347,
              4.4603525352289672
            ],
            [
              -74.086456815627116,
              4.4594502549189796
            ],
            [
              -74.086176106197286,
              4.4586682786503831
            ],
            [
              -74.085043243141342,
              4.4565830086004743
            ]
          ],
          [
            [
              -74.114033342189032,
              4.5076338114214209
            ],
            [
              -74.114237023839792,
              4.5078124795359944
            ],
            [
              -74.115089177466018,
              4.5085543544576536
            ],
            [
              -74.12030235259067,
              4.510669700517882
            ],
            [
              -74.121645747719072,
              4.5113614487555811
            ],
            [
              -74.121836229117832,
              4.5116521835221377
            ],
            [
              -74.122147014557868,
              4.5123238810861501
            ],
            [
              -74.122126963884398,
              4.5130958320181334
            ],
            [
              -74.121846254454624,
              4.5142687964212058
            ],
            [
              -74.121796127770665,
              4.5146297085451881
            ],
            [
              -74.121776077097138,
              4.5153214567828934
            ],
            [
              -74.121860776308608,
              4.5163463172410445
            ],
            [
              -74.121876330464943,
              4.5165345225329023
            ],
            [
              -74.122126963884398,
              4.5184293111839988
            ],
            [
              -74.122267318599256,
              4.5193315914939838
            ],
            [
              -74.122467825334809,
              4.5198428836696669
            ],
            [
              -74.122959066836984,
              4.5206749866222333
            ],
            [
              -74.123891423157374,
              4.5217075963104483
            ],
            [
              -74.125746110461307,
              4.5238329677072935
            ],
            [
              -74.126397757351981,
              4.5250660841310033
            ],
            [
              -74.126648390771436,
              4.5261387951663279
            ],
            [
              -74.127089505589595,
              4.5289859908111971
            ],
            [
              -74.127630873775615,
              4.5334673163510315
            ],
            [
              -74.128021861909929,
              4.5351014462458288
            ],
            [
              -74.128432900717883,
              4.5357129917892625
            ],
            [
              -74.129164750302721,
              4.5363947146902923
            ],
            [
              -74.132954327604921,
              4.5393421637029068
            ],
            [
              -74.133766379884037,
              4.5403045960336357
            ],
            [
              -74.134227545375779,
              4.5412670283642607
            ],
            [
              -74.136262688741795,
              4.5450064789824376
            ],
            [
              -74.136944411642787,
              4.5464701781520676
            ],
            [
              -74.137215095735769,
              4.5474827371666411
            ],
            [
              -74.13720507039892,
              4.5480541813629634
            ],
            [
              -74.13690431029562,
              4.5496381845739817
            ],
            [
              -74.136563448845209,
              4.5511419850905996
            ],
            [
              -74.136772849999829,
              4.5519557698506823
            ],
            [
              -74.136862259061559,
              4.5522160708234196
            ],
            [
              -74.137716399201963,
              4.554702770775604
            ],
            [
              -74.138822122999898,
              4.5580542298504128
            ],
            [
              -74.139135323469304,
              4.558912525585824
            ],
            [
              -74.139242868999929,
              4.559291119850398
            ],
            [
              -74.139297381999882,
              4.559606623850339
            ],
            [
              -74.139299670986134,
              4.5606518854385207
            ],
            [
              -74.139100387606277,
              4.5620492174297365
            ],
            [
              -74.138995014999921,
              4.5628526858502507
            ],
            [
              -74.138503575919287,
              4.5656456674660886
            ],
            [
              -74.138408169999934,
              4.5668797698501002
            ],
            [
              -74.138413313518299,
              4.5675750792909788
            ],
            [
              -74.138573908069077,
              4.5684445607353528
            ],
            [
              -74.139014003474358,
              4.5702058383867987
            ],
            [
              -74.139195897932268,
              4.5710078216345762
            ],
            [
              -74.139415359999873,
              4.5719635198499065
            ],
            [
              -74.139541807609703,
              4.5723640901565812
            ],
            [
              -74.139717581563559,
              4.57307493797697
            ],
            [
              -74.139815202368595,
              4.5734697264819548
            ],
            [
              -74.140101629999833,
              4.5746515098497893
            ],
            [
              -74.140396293421929,
              4.5755884629835206
            ],
            [
              -74.140640430654059,
              4.5760882815723241
            ],
            [
              -74.14104437819276,
              4.5768988219726259
            ],
            [
              -74.141523072585414,
              4.577847394250016
            ],
            [
              -74.14177690169123,
              4.5783803232234881
            ],
            [
              -74.142120891979687,
              4.5792597154754455
            ],
            [
              -74.142371999999909,
              4.5798995098497306
            ],
            [
              -74.142810807825811,
              4.5810303828177723
            ],
            [
              -74.143016449999948,
              4.5815679498496795
            ],
            [
              -74.143196709999927,
              4.5822434298495915
            ],
            [
              -74.143278092200546,
              4.5829281353919944
            ],
            [
              -74.143337757711322,
              4.5833394873549249
            ],
            [
              -74.143454488429768,
              4.5839672981039046
            ],
            [
              -74.143558701792927,
              4.5843019867570334
            ],
            [
              -74.143762653201406,
              4.5847946092566403
            ],
            [
              -74.143827412789562,
              4.5849615676832638
            ],
            [
              -74.144029490384753,
              4.5854825493374829
            ],
            [
              -74.144303900157354,
              4.5861900125136961
            ],
            [
              -74.144473154807372,
              4.5866232140928309
            ],
            [
              -74.144655679999858,
              4.5870833798495019
            ],
            [
              -74.144846977111342,
              4.5876005324982279
            ],
            [
              -74.145148263969304,
              4.5883277346590763
            ],
            [
              -74.145283639999946,
              4.5886909798494502
            ],
            [
              -74.145383999999922,
              4.5889950498493546
            ],
            [
              -74.145465790621813,
              4.5895057359676139
            ],
            [
              -74.145494529999894,
              4.5898155898493309
            ],
            [
              -74.145485882045534,
              4.5906618294017099
            ],
            [
              -74.145488872136468,
              4.5918215124869031
            ],
            [
              -74.145489783999949,
              4.592586576849321
            ],
            [
              -74.145519897739462,
              4.5935592447952613
            ],
            [
              -74.145418905642543,
              4.5950389720262859
            ],
            [
              -74.145373313929326,
              4.5967388916185117
            ],
            [
              -74.145236538789732,
              4.5976832913920029
            ],
            [
              -74.14511930295572,
              4.5981392085239294
            ],
            [
              -74.144118419750498,
              4.6012480371016888
            ],
            [
              -74.143964924613726,
              4.6017248060845546
            ],
            [
              -74.143038479999916,
              4.6042216098488904
            ],
            [
              -74.142571109999949,
              4.6054713698489085
            ],
            [
              -74.142393964069072,
              4.6059340319130957
            ],
            [
              -74.141851309999936,
              4.6074026998487874
            ],
            [
              -74.141593499999885,
              4.6084236598488157
            ],
            [
              -74.141512312182101,
              4.6090833667159048
            ],
            [
              -74.141264264070912,
              4.61101571427902
            ],
            [
              -74.141189628641428,
              4.6115971401546272
            ],
            [
              -74.14102099246935,
              4.6125389088199693
            ],
            [
              -74.140587218136659,
              4.6148893413372924
            ],
            [
              -74.140198037751134,
              4.6166160584960005
            ],
            [
              -74.140097129999901,
              4.6170122598484742
            ],
            [
              -74.13964326588399,
              4.6187470539569482
            ],
            [
              -74.139333176943524,
              4.6199322996028584
            ],
            [
              -74.139123300692859,
              4.6206632188266683
            ],
            [
              -74.138670657826367,
              4.6232601668090982
            ],
            [
              -74.138536793306628,
              4.624553937410985
            ],
            [
              -74.138412460156189,
              4.625804860305827
            ],
            [
              -74.138232823998123,
              4.6276121899079925
            ],
            [
              -74.13802344350421,
              4.6299377431505189
            ],
            [
              -74.137866806599732,
              4.6314069807112688
            ],
            [
              -74.137654136671813,
              4.6334518341598967
            ],
            [
              -74.137557209535714,
              4.6343725240502547
            ],
            [
              -74.137273996681245,
              4.6358750816549525
            ],
            [
              -74.137037209999846,
              4.6367882398478537
            ],
            [
              -74.136797191823575,
              4.6374727417192032
            ],
            [
              -74.136600599910082,
              4.6380100448314394
            ],
            [
              -74.136000786001489,
              4.6393177015655827
            ],
            [
              -74.135956806502065,
              4.6393962219580738
            ],
            [
              -74.135304802690939,
              4.6405603005805176
            ],
            [
              -74.134888159999946,
              4.6412255098476907
            ],
            [
              -74.134285832212186,
              4.6421381905713917
            ],
            [
              -74.13315020999994,
              4.643728639847585
            ],
            [
              -74.132464214496508,
              4.6445749021717795
            ],
            [
              -74.131882709999786,
              4.6452068998476506
            ],
            [
              -74.130612693517946,
              4.6463994987518689
            ],
            [
              -74.129966384809165,
              4.6468981977793451
            ],
            [
              -74.128322655472061,
              4.6481367668440674
            ],
            [
              -74.127041749999876,
              4.6491219598474656
            ],
            [
              -74.126352759999918,
              4.6497685298474636
            ],
            [
              -74.126112556845555,
              4.6500483146317562
            ],
            [
              -74.124254268955667,
              4.6521722203260545
            ],
            [
              -74.123137209797278,
              4.6534602984100371
            ],
            [
              -74.120831699934172,
              4.6560949530044917
            ],
            [
              -74.119963840910827,
              4.6571007400634681
            ],
            [
              -74.117266753208696,
              4.6602285859667063
            ],
            [
              -74.116527077319802,
              4.6610796061937467
            ],
            [
              -74.115639711775088,
              4.6620985007965663
            ],
            [
              -74.114021137988118,
              4.6639695875623515
            ],
            [
              -74.113398012877212,
              4.6646849366056609
            ],
            [
              -74.111431371719561,
              4.6669470406923388
            ],
            [
              -74.109962492210343,
              4.6683841195944407
            ],
            [
              -74.108641153325266,
              4.6697134034936729
            ],
            [
              -74.106935726657412,
              4.6714211547660973
            ],
            [
              -74.105842570892833,
              4.6725158005712091
            ],
            [
              -74.105305839521805,
              4.673071133773183
            ],
            [
              -74.104609057401206,
              4.6738221525811996
            ],
            [
              -74.10421158999992,
              4.674338829846592
            ],
            [
              -74.104048682624295,
              4.6747133223168351
            ],
            [
              -74.103761799999916,
              4.6753728098466629
            ],
            [
              -74.103551933291442,
              4.6757188041713853
            ],
            [
              -74.103207287351211,
              4.6762048046286973
            ],
            [
              -74.101749149999819,
              4.6782387698465238
            ],
            [
              -74.100950050951838,
              4.6793482375837323
            ],
            [
              -74.09956717450433,
              4.6811219031128042
            ],
            [
              -74.099521729999879,
              4.6811801898464411
            ],
            [
              -74.098807470987424,
              4.6820851224220847
            ],
            [
              -74.098079059999463,
              4.6831354729242198
            ],
            [
              -74.096813939999947,
              4.6849758698463075
            ],
            [
              -74.095806779593943,
              4.6864360743760001
            ],
            [
              -74.094627089999904,
              4.6880774498461726
            ],
            [
              -74.093839849999881,
              4.6892142698462518
            ],
            [
              -74.093509866333704,
              4.6897010576980351
            ],
            [
              -74.092675476095849,
              4.690923375390728
            ],
            [
              -74.09214593716581,
              4.6918651170383896
            ],
            [
              -74.091527112517383,
              4.6930699377496348
            ],
            [
              -74.090834069999801,
              4.6944034398460808
            ],
            [
              -74.090327919999936,
              4.6949094598459906
            ],
            [
              -74.089669689999823,
              4.6953112298460296
            ],
            [
              -74.087322529999938,
              4.6961420898460116
            ],
            [
              -74.085999805999847,
              4.6964418598459119
            ],
            [
              -74.083560399999953,
              4.6971204198458789
            ],
            [
              -74.082896559283085,
              4.6975122753967646
            ],
            [
              -74.082548199999906,
              4.6979032098458111
            ],
            [
              -74.082245165944528,
              4.6986471289193465
            ],
            [
              -74.081923003292957,
              4.6998605503988244
            ],
            [
              -74.081181839999886,
              4.7030382898455887
            ],
            [
              -74.081242364870775,
              4.7034893673464628
            ],
            [
              -74.081465825647342,
              4.704250964042382
            ],
            [
              -74.08186835999993,
              4.7055039598456085
            ],
            [
              -74.081937189999792,
              4.7060912298456854
            ],
            [
              -74.081878359999905,
              4.7064921498456203
            ],
            [
              -74.08153546987063,
              4.7072519605309422
            ],
            [
              -74.080974847059679,
              4.708352046117942
            ],
            [
              -74.080248036499768,
              4.7097618255147466
            ],
            [
              -74.079480524774397,
              4.7110870436673604
            ],
            [
              -74.079014735766975,
              4.7116065706468229
            ],
            [
              -74.078766639999913,
              4.7118911598454192
            ],
            [
              -74.077897649184251,
              4.7133104339539349
            ],
            [
              -74.077217277182399,
              4.7143986097360706
            ],
            [
              -74.076124694144596,
              4.7163496527023252
            ],
            [
              -74.075834541384893,
              4.7171770802047766
            ],
            [
              -74.075703237457162,
              4.7175833529336932
            ],
            [
              -74.07544546999992,
              4.7191845398451928
            ],
            [
              -74.074914480847781,
              4.7214055665216517
            ],
            [
              -74.074533439999868,
              4.7221395598449893
            ],
            [
              -74.073853399547829,
              4.7230538967608746
            ],
            [
              -74.073514129209002,
              4.723450098625956
            ],
            [
              -74.07141760887157,
              4.7259545515034693
            ],
            [
              -74.071274270889205,
              4.7261334973631692
            ],
            [
              -74.070545886844286,
              4.7270428258400363
            ],
            [
              -74.069197337861738,
              4.7290136732116652
            ],
            [
              -74.068750345490969,
              4.7298233957515308
            ],
            [
              -74.068609631104721,
              4.73007829855863
            ],
            [
              -74.068178326147631,
              4.7311896717206174
            ],
            [
              -74.067608959999916,
              4.7324658498446697
            ],
            [
              -74.067295810457779,
              4.733337397371387
            ],
            [
              -74.066736190842221,
              4.7352854647678146
            ],
            [
              -74.066504497835581,
              4.7362471002559605
            ],
            [
              -74.066155011419937,
              4.7377990104283665
            ],
            [
              -74.065794218438441,
              4.7395174940484583
            ],
            [
              -74.065515712549484,
              4.7410584440037793
            ],
            [
              -74.065398013100548,
              4.7417920587501134
            ],
            [
              -74.065329284023903,
              4.7422995934804302
            ],
            [
              -74.065311427370148,
              4.7425187472539365
            ],
            [
              -74.065231729146205,
              4.7434968793656065
            ],
            [
              -74.065106353529757,
              4.7452832411632073
            ],
            [
              -74.065005522488718,
              4.7472298284759775
            ],
            [
              -74.064998087560241,
              4.7473733630212829
            ],
            [
              -74.065005031917565,
              4.7483381544401269
            ],
            [
              -74.065114152782542,
              4.7501353437647085
            ],
            [
              -74.06529242528552,
              4.7519925328809176
            ],
            [
              -74.065533044230392,
              4.7538049027616918
            ],
            [
              -74.065751201999944,
              4.7554338658439237
            ],
            [
              -74.06595997964763,
              4.7568388428768928
            ],
            [
              -74.066372299349553,
              4.7585212293157575
            ],
            [
              -74.066400702449016,
              4.7592287814790382
            ],
            [
              -74.066241056661909,
              4.759869241872714
            ],
            [
              -74.059154030200034,
              4.7695824008989272
            ]
          ]
        ]
      },
      "properties": {
        "FID": 2,
        "CORREDOR": "Av Boyaca"
      }
    },
    {
      "type": "Feature",
      "id": 3,
      "geometry": {
        "type": "MultiLineString",
        "coordinates": [
          [
            [
              -74.10276209499267,
              4.5667045749562858
            ],
            [
              -74.10253874844642,
              4.5669120039662232
            ],
            [
              -74.102398694772717,
              4.5670816591720271
            ],
            [
              -74.10230922361643,
              4.5671822737672514
            ],
            [
              -74.102239338612605,
              4.5672655438535417
            ],
            [
              -74.101122148671266,
              4.5684076799805506
            ],
            [
              -74.100045951258664,
              4.5695614852197668
            ],
            [
              -74.09852665010709,
              4.5712708011341201
            ],
            [
              -74.096665050294405,
              4.573418957839686
            ],
            [
              -74.094575084439725,
              4.5756715081695694
            ],
            [
              -74.094386925161416,
              4.5758701207409134
            ],
            [
              -74.09374073593483,
              4.5767121248848017
            ],
            [
              -74.092364436802654,
              4.5786646793443362
            ],
            [
              -74.091911265137242,
              4.5792465293839371
            ],
            [
              -74.090895824923905,
              4.5805724761087729
            ],
            [
              -74.090688820583011,
              4.5808578064165628
            ],
            [
              -74.089802910964636,
              4.5820750118756433
            ],
            [
              -74.089678975081597,
              4.5822452949724237
            ],
            [
              -74.089399239485658,
              4.5826033565353796
            ],
            [
              -74.088560032697842,
              4.5836831359356447
            ],
            [
              -74.088355825712767,
              4.5839740609553603
            ],
            [
              -74.087318006651742,
              4.5854426728341764
            ],
            [
              -74.086428447456569,
              4.5867714169149432
            ],
            [
              -74.086017236130431,
              4.5874455797011144
            ],
            [
              -74.085108095443672,
              4.5887939052735254
            ],
            [
              -74.084841681888634,
              4.5892152736513889
            ],
            [
              -74.084833954559656,
              4.5892274954472203
            ],
            [
              -74.083866069397686,
              4.590668133766366
            ],
            [
              -74.082766708505574,
              4.5923745209015596
            ],
            [
              -74.082568096232535,
              4.5926962168368739
            ],
            [
              -74.081642171409953,
              4.5940893001047618
            ],
            [
              -74.081356841102036,
              4.5945452691260371
            ],
            [
              -74.081267325711281,
              4.5946319871607546
            ],
            [
              -74.081121863201361,
              4.594690731636013
            ],
            [
              -74.081026753098797,
              4.5947494761110628
            ],
            [
              -74.08096521126771,
              4.5948585729935019
            ],
            [
              -74.080962413911664,
              4.5949732645878729
            ],
            [
              -74.080962413911664,
              4.595073969402474
            ],
            [
              -74.080909264148488,
              4.595174674216902
            ],
            [
              -74.079622480407068,
              4.5973650039332021
            ],
            [
              -74.078674176736797,
              4.5987860607605873
            ],
            [
              -74.078478361819634,
              4.5990546069327332
            ],
            [
              -74.077496489877831,
              4.6006798707450791
            ],
            [
              -74.077132833603059,
              4.6012701128525402
            ],
            [
              -74.076562172987337,
              4.6021680641155394
            ],
            [
              -74.076555775495819,
              4.6021794921132564
            ],
            [
              -74.075977845191574,
              4.6032335669389024
            ],
            [
              -74.074181818395402,
              4.6062236008566533
            ],
            [
              -74.072616962882705,
              4.6087252819926112
            ],
            [
              -74.07222828578,
              4.6093481203564126
            ],
            [
              -74.070854345465676,
              4.6118794171160991
            ]
          ],
          [
            [
              -74.070990478477185,
              4.6119764102225842
            ],
            [
              -74.072589724797297,
              4.6091039401809635
            ],
            [
              -74.073295685361813,
              4.6078141658266594
            ],
            [
              -74.073806593862003,
              4.6070492728245886
            ],
            [
              -74.075038931338611,
              4.6049310349076666
            ],
            [
              -74.076734657416296,
              4.6021846770963979
            ],
            [
              -74.076962369724413,
              4.6018210171418232
            ],
            [
              -74.078190583825403,
              4.5999240601318983
            ],
            [
              -74.078697604593003,
              4.5990629990005365
            ],
            [
              -74.079506215300114,
              4.5979090896673709
            ],
            [
              -74.080244892108169,
              4.5967333259905825
            ],
            [
              -74.081079728027419,
              4.5953521314857175
            ],
            [
              -74.08114966192619,
              4.5952472306371606
            ],
            [
              -74.081293900592982,
              4.5952384888996951
            ],
            [
              -74.081464364471799,
              4.595186038475644
            ],
            [
              -74.08156926532024,
              4.5949587533037555
            ],
            [
              -74.081547410976839,
              4.5947620642129738
            ],
            [
              -74.081682907906099,
              4.5945085538291286
            ],
            [
              -74.082985426774769,
              4.5926421928999002
            ],
            [
              -74.083260791501971,
              4.5921613973444044
            ],
            [
              -74.084082514815009,
              4.5908151697890318
            ],
            [
              -74.084558939501903,
              4.5899759630010708
            ],
            [
              -74.084999050196643,
              4.589310726559332
            ],
            [
              -74.085507418006955,
              4.5885423180719833
            ],
            [
              -74.086774969926125,
              4.5866453610618851
            ],
            [
              -74.087872057966536,
              4.5850368813851903
            ],
            [
              -74.088763715178686,
              4.5838480051024764
            ],
            [
              -74.08982146540086,
              4.5824012475672262
            ],
            [
              -74.089986264775973,
              4.5821701701826738
            ],
            [
              -74.090223585320075,
              4.5818374055065743
            ],
            [
              -74.092256039259382,
              4.5790444204158502
            ],
            [
              -74.092806768713842,
              4.5783188562138513
            ],
            [
              -74.093055908229019,
              4.5779997827998056
            ],
            [
              -74.093847035461351,
              4.5768808404159156
            ],
            [
              -74.094375910572353,
              4.5761858722948574
            ],
            [
              -74.094716455670323,
              4.5758088402220887
            ],
            [
              -74.094743063542069,
              4.5757793815069787
            ],
            [
              -74.095818297239077,
              4.574568650880857
            ],
            [
              -74.096709954451228,
              4.5736682519313758
            ],
            [
              -74.097879069979797,
              4.5723598649610961
            ],
            [
              -74.097921499979748,
              4.5723154149609666
            ],
            [
              -74.097980569979768,
              4.5722507549609475
            ],
            [
              -74.097991729979867,
              4.5722366049610352
            ],
            [
              -74.098085349979726,
              4.5721396949610167
            ],
            [
              -74.099203008855682,
              4.5708525950232834
            ],
            [
              -74.099955990057765,
              4.5699113685207546
            ],
            [
              -74.100922886374121,
              4.5687990099265479
            ],
            [
              -74.102300499709884,
              4.567370056963524
            ],
            [
              -74.102839565797808,
              4.5667796512481491
            ]
          ]
        ]
      },
      "properties": {
        "FID": 3,
        "CORREDOR": "Carrera 10"
      }
    },
    {
      "type": "Feature",
      "id": 4,
      "geometry": {
        "type": "MultiLineString",
        "coordinates": [
          [
            [
              -74.183747282999832,
              4.5962560328492126
            ],
            [
              -74.182894658999885,
              4.5965671258490888
            ],
            [
              -74.181892248999986,
              4.5966938678491003
            ],
            [
              -74.177533207188958,
              4.5967555517760559
            ],
            [
              -74.177006941999821,
              4.5967629988492424
            ],
            [
              -74.174529721999932,
              4.5964173408492348
            ],
            [
              -74.171856629999922,
              4.5960371158491196
            ],
            [
              -74.171233093999831,
              4.5958625258492658
            ],
            [
              -74.167916122999827,
              4.5955647158493278
            ],
            [
              -74.166498922999835,
              4.5956338478491752
            ],
            [
              -74.165162375999898,
              4.5955992818491644
            ],
            [
              -74.16212058099984,
              4.5956338478491752
            ],
            [
              -74.161923593274878,
              4.5956493254623219
            ],
            [
              -74.158894434999979,
              4.5958873308492745
            ],
            [
              -74.156947224999897,
              4.5960371158491196
            ],
            [
              -74.154516093999916,
              4.5963136428492071
            ],
            [
              -74.153674990999946,
              4.5960716818491276
            ],
            [
              -74.151762346999817,
              4.5954264528491624
            ],
            [
              -74.151117117999888,
              4.5953573208493141
            ],
            [
              -74.151064339826689,
              4.5953508778076344
            ],
            [
              -74.14668116699977,
              4.5948157898492097
            ],
            [
              -74.144503517999965,
              4.5951499258493103
            ],
            [
              -74.142187605999766,
              4.5953803648492482
            ],
            [
              -74.141623029999835,
              4.5954379748492453
            ],
            [
              -74.139641254999844,
              4.595242101849311
            ],
            [
              -74.137843830999884,
              4.5948618768491993
            ],
            [
              -74.135769878999952,
              4.5943664328492479
            ],
            [
              -74.13218655299994,
              4.5937903358493068
            ],
            [
              -74.130331518999867,
              4.5934331548493432
            ],
            [
              -74.128600284969423,
              4.5934109604179651
            ],
            [
              -74.128534093999917,
              4.5934101118492876
            ],
            [
              -74.125019898999767,
              4.5935368528492013
            ],
            [
              -74.123258863939498,
              4.5937366120175103
            ],
            [
              -74.121160045999943,
              4.5939746868493803
            ],
            [
              -74.116101908999951,
              4.5951153598493004
            ],
            [
              -74.113430232291364,
              4.5959502588740397
            ],
            [
              -74.112967937999827,
              4.5960947258492908
            ],
            [
              -74.108900689999984,
              4.5980649798491777
            ],
            [
              -74.108451333999938,
              4.5981225898491278
            ],
            [
              -74.10784066999986,
              4.597995847849158
            ],
            [
              -74.10756414299982,
              4.597915193849234
            ],
            [
              -74.107034133999832,
              4.5982493308490415
            ]
          ],
          [
            [
              -74.184015289373178,
              4.5964859708536521
            ],
            [
              -74.183332492999966,
              4.59677452084909
            ],
            [
              -74.181143001999828,
              4.5969711368491826
            ],
            [
              -74.177505083291692,
              4.5970422155073916
            ],
            [
              -74.177053029999911,
              4.5970510478491784
            ],
            [
              -74.17486385899997,
              4.5967514768491595
            ],
            [
              -74.172202287999937,
              4.5964749508491778
            ],
            [
              -74.171047307999913,
              4.5960466268491569
            ],
            [
              -74.169134281999902,
              4.5957827788491326
            ],
            [
              -74.167452243999946,
              4.5957878968492354
            ],
            [
              -74.16631457099993,
              4.5960025508492182
            ],
            [
              -74.162777331999905,
              4.5959795068490559
            ],
            [
              -74.161941814464853,
              4.5960339207397221
            ],
            [
              -74.158875423997074,
              4.5962336223956175
            ],
            [
              -74.157292883999901,
              4.596336686849142
            ],
            [
              -74.154539137999961,
              4.5965325598490718
            ],
            [
              -74.153951517999928,
              4.5964634288491544
            ],
            [
              -74.153352376999919,
              4.5963251648490591
            ],
            [
              -74.151729081999974,
              4.5957031478492363
            ],
            [
              -74.150996953050253,
              4.5956284689214719
            ],
            [
              -74.146531381999978,
              4.5951729698490684
            ],
            [
              -74.144900591999885,
              4.595274894849255
            ],
            [
              -74.141669117999925,
              4.59573754584921
            ],
            [
              -74.138569712999981,
              4.5952651458492459
            ],
            [
              -74.137835586476626,
              4.5951102907984867
            ],
            [
              -74.137094903999923,
              4.5949540528492072
            ],
            [
              -74.130784194999933,
              4.5937333058491978
            ],
            [
              -74.128560055577339,
              4.5937412931870805
            ],
            [
              -74.126684176999959,
              4.5937480298491753
            ],
            [
              -74.124155474999895,
              4.5938321698491906
            ],
            [
              -74.123276636847891,
              4.5939650699921835
            ],
            [
              -74.119520107999904,
              4.5945331418492854
            ],
            [
              -74.114465791999862,
              4.595898852849186
            ],
            [
              -74.113579631653522,
              4.5962848248396817
            ],
            [
              -74.109280913999953,
              4.5981571548490825
            ],
            [
              -74.108843079999929,
              4.5983991158491042
            ],
            [
              -74.108008322999979,
              4.5984244778490782
            ],
            [
              -74.107141898999885,
              4.5985444168491316
            ]
          ]
        ]
      },
      "properties": {
        "FID": 4,
        "CORREDOR": "Autopista sur"
      }
    },
    {
      "type": "Feature",
      "id": 5,
      "geometry": {
        "type": "MultiLineString",
        "coordinates": [
          [
            [
              -74.065172554865342,
              4.6889469745353685
            ],
            [
              -74.067412021999928,
              4.6894438218461962
            ],
            [
              -74.068351757999892,
              4.6896317688462181
            ],
            [
              -74.068353707651511,
              4.689631734278481
            ],
            [
              -74.069584342999917,
              4.6896099148462032
            ],
            [
              -74.070733881999899,
              4.6894219678461821
            ],
            [
              -74.07166050599983,
              4.6891160068462137
            ],
            [
              -74.072141301999977,
              4.6889586548461253
            ],
            [
              -74.07342633699983,
              4.6882767998461716
            ],
            [
              -74.073859052999921,
              4.6880014348461865
            ],
            [
              -74.07398371491405,
              4.687909092853852
            ],
            [
              -74.074331106999978,
              4.687651765846141
            ],
            [
              -74.077360118999877,
              4.6852171918462142
            ],
            [
              -74.079160916999854,
              4.6838185138463837
            ],
            [
              -74.080489660999831,
              4.6827039418463592
            ],
            [
              -74.081709132999833,
              4.6817510928465174
            ],
            [
              -74.081755309204198,
              4.6817138061911621
            ],
            [
              -74.083343837999905,
              4.6804310908463904
            ],
            [
              -74.084401587999935,
              4.6795787708464376
            ],
            [
              -74.084641985999838,
              4.6793864528465408
            ],
            [
              -74.085162118999904,
              4.678739563846567
            ],
            [
              -74.08536754999983,
              4.6784336038464724
            ],
            [
              -74.086110597999777,
              4.6772141308466333
            ],
            [
              -74.08642529999986,
              4.6766896268465947
            ],
            [
              -74.087587951999865,
              4.6746440598466226
            ],
            [
              -74.088169276999849,
              4.6735950518467151
            ],
            [
              -74.088414045999912,
              4.6731798188467195
            ],
            [
              -74.089012854999908,
              4.6721264398467079
            ],
            [
              -74.089216361598062,
              4.6717990600191444
            ],
            [
              -74.0893144449999,
              4.671641273846749
            ],
            [
              -74.089987557999905,
              4.6707408748467927
            ],
            [
              -74.090455240999972,
              4.670177032846909
            ],
            [
              -74.091246368999805,
              4.6691323948468328
            ],
            [
              -74.091670342999805,
              4.6685816658468484
            ],
            [
              -74.092885443999876,
              4.6667459008469594
            ],
            [
              -74.093449285999895,
              4.6658979518469401
            ],
            [
              -74.094008757999916,
              4.6652860308470405
            ],
            [
              -74.094467698999949,
              4.6647658968470012
            ],
            [
              -74.09524134299977,
              4.6639747698470151
            ],
            [
              -74.096080548999907,
              4.6629345028470404
            ],
            [
              -74.096985318999828,
              4.6616888058471346
            ],
            [
              -74.098969693999948,
              4.6591449598472456
            ],
            [
              -74.099909429999911,
              4.6579560838471519
            ],
            [
              -74.10130373699991,
              4.6561815108471745
            ],
            [
              -74.102326520999895,
              4.6548833628472828
            ],
            [
              -74.103419237999958,
              4.6535109098473404
            ],
            [
              -74.103803873999823,
              4.6529776638473272
            ],
            [
              -74.105132617999971,
              4.6512730258473427
            ],
            [
              -74.10624718999992,
              4.6497694468474231
            ],
            [
              -74.107020833999968,
              4.6487554048474413
            ],
            [
              -74.107676463999951,
              4.6479424238476224
            ],
            [
              -74.107964940999921,
              4.6475708998475742
            ],
            [
              -74.109678321999866,
              4.6458094398475627
            ],
            [
              -74.111527198999966,
              4.64393433684765
            ],
            [
              -74.112962757401817,
              4.6425349460528373
            ],
            [
              -74.113782567999976,
              4.6417357898477931
            ],
            [
              -74.115517801999772,
              4.6399918138477965
            ],
            [
              -74.117100056999845,
              4.6384401548478209
            ],
            [
              -74.118329936229316,
              4.6372773602347088
            ],
            [
              -74.1185424439999,
              4.6370764438479117
            ],
            [
              -74.118721648999895,
              4.6369453178478732
            ],
            [
              -74.119053834999931,
              4.6365912778479528
            ],
            [
              -74.119351053999935,
              4.6361367068478776
            ],
            [
              -74.119836220999844,
              4.6349959108478931
            ],
            [
              -74.12118289499989,
              4.631784699848108
            ],
            [
              -74.121446028917489,
              4.6311036074526912
            ],
            [
              -74.122496221501308,
              4.6285214825676482
            ],
            [
              -74.123512692304928,
              4.6260357056261068
            ],
            [
              -74.124181322435106,
              4.624266168211979
            ],
            [
              -74.124548432697395,
              4.6232946066343379
            ],
            [
              -74.124697772009768,
              4.6227406059593115
            ],
            [
              -74.12556008610386,
              4.6201103071026148
            ],
            [
              -74.126292330474087,
              4.6176823389270387
            ],
            [
              -74.127063114022008,
              4.6152206489714409
            ],
            [
              -74.127896523733114,
              4.612662611072345
            ],
            [
              -74.128118524261367,
              4.6119740331626344
            ],
            [
              -74.12846497659956,
              4.6108994437068658
            ],
            [
              -74.128720298649739,
              4.6096854596190768
            ],
            [
              -74.128821463990391,
              4.6093145200367385
            ],
            [
              -74.129115325217981,
              4.6088616847023651
            ],
            [
              -74.130006543695231,
              4.6073682915785739
            ],
            [
              -74.130647257519172,
              4.6063807251579725
            ],
            [
              -74.130902579569522,
              4.6058989854404997
            ],
            [
              -74.131225345180042,
              4.6054220631204128
            ],
            [
              -74.131723339547591,
              4.6047133187855636
            ],
            [
              -74.132762094878387,
              4.6032349648036641
            ],
            [
              -74.133388356511148,
              4.6021992244113976
            ],
            [
              -74.134325778491018,
              4.6007451939681898
            ],
            [
              -74.134708323336667,
              4.6001518306125888
            ],
            [
              -74.135753698523445,
              4.5985813591339246
            ],
            [
              -74.136428134127698,
              4.5974781751812106
            ],
            [
              -74.137439787534163,
              4.596032956029088
            ],
            [
              -74.137613213832481,
              4.595609025077982
            ],
            [
              -74.137680657392821,
              4.5951561897436122
            ],
            [
              -74.137719196570345,
              4.5948430589274123
            ]
          ],
          [
            [
              -74.065222496084232,
              4.6890818158265493
            ],
            [
              -74.065401148999911,
              4.6891293918461407
            ],
            [
              -74.067081201999827,
              4.6895801378461428
            ],
            [
              -74.068310826605682,
              4.6897540246684013
            ],
            [
              -74.068433438999875,
              4.689771363846102
            ],
            [
              -74.06968323399991,
              4.6897577048461754
            ],
            [
              -74.070700826999825,
              4.6896211148462239
            ],
            [
              -74.07164329599982,
              4.68934110584624
            ],
            [
              -74.072469662999879,
              4.6889996318462641
            ],
            [
              -74.073494084999822,
              4.6884805918463162
            ],
            [
              -74.074073149029346,
              4.6880427631981076
            ],
            [
              -74.07433411199986,
              4.6878454498461952
            ],
            [
              -74.077400548999833,
              4.6853526888463524
            ],
            [
              -74.077940077999983,
              4.6849702378464144
            ],
            [
              -74.078561560999901,
              4.6845468098463963
            ],
            [
              -74.078916693999872,
              4.6841575288464439
            ],
            [
              -74.080917732999978,
              4.6825594298463464
            ],
            [
              -74.081843208282521,
              4.6818240080204907
            ],
            [
              -74.082447536999894,
              4.6813437828464002
            ],
            [
              -74.084660288999828,
              4.6795271398465346
            ],
            [
              -74.085220306999986,
              4.6788919978465904
            ],
            [
              -74.085527632999856,
              4.6783797868465458
            ],
            [
              -74.087050607999913,
              4.6758801968466193
            ],
            [
              -74.088621388999854,
              4.6731005968467683
            ],
            [
              -74.089387595165761,
              4.671962524129496
            ],
            [
              -74.089895974999877,
              4.6712074098467644
            ],
            [
              -74.092098052999916,
              4.6683065118467972
            ],
            [
              -74.093619288999832,
              4.6659450068469743
            ],
            [
              -74.095226409999839,
              4.6641853878470512
            ],
            [
              -74.09605766999988,
              4.6631819098469958
            ],
            [
              -74.09830859799996,
              4.6602088088471998
            ],
            [
              -74.09965915399988,
              4.658473718847242
            ],
            [
              -74.100906543999884,
              4.6568980688472879
            ],
            [
              -74.102360267999927,
              4.6551911148473524
            ],
            [
              -74.103298154999891,
              4.6539906198472476
            ],
            [
              -74.105042623999907,
              4.6517396918474043
            ],
            [
              -74.105849205999846,
              4.6505767128474336
            ],
            [
              -74.106158708999885,
              4.6501452848474356
            ],
            [
              -74.107190383999864,
              4.648804106847515
            ],
            [
              -74.107931314999917,
              4.6478755988474738
            ],
            [
              -74.108934853999983,
              4.6467688928475965
            ],
            [
              -74.110941930999957,
              4.6447055418476033
            ],
            [
              -74.11278018899992,
              4.6428485268477333
            ],
            [
              -74.113021752490567,
              4.6426178201063628
            ],
            [
              -74.115284345999896,
              4.6404569158477464
            ],
            [
              -74.116738070999929,
              4.6389375388477196
            ],
            [
              -74.118425563696519,
              4.6373712002726526
            ],
            [
              -74.118566949999888,
              4.6372399648478355
            ],
            [
              -74.119139060999885,
              4.6366678538478654
            ],
            [
              -74.119448562999821,
              4.6362176678479114
            ],
            [
              -74.120348933999821,
              4.6341261808480612
            ],
            [
              -74.121408745999929,
              4.6316126448479942
            ],
            [
              -74.122796818999859,
              4.6282925258481376
            ],
            [
              -74.124166132999903,
              4.6248129658482879
            ],
            [
              -74.124328138093347,
              4.6243516632739921
            ],
            [
              -74.124719485999833,
              4.623237316848436
            ],
            [
              -74.125826192999853,
              4.6198140298483423
            ],
            [
              -74.126848488999883,
              4.6164376378485024
            ],
            [
              -74.128180287999839,
              4.6122921788487776
            ],
            [
              -74.128265672597763,
              4.6120368541830183
            ],
            [
              -74.129013611999881,
              4.6098002988487128
            ],
            [
              -74.129558981999878,
              4.6083249178488428
            ],
            [
              -74.131350344999873,
              4.6055862888489072
            ],
            [
              -74.131840870286112,
              4.6048408826359157
            ],
            [
              -74.132306988999972,
              4.6041325648489106
            ],
            [
              -74.133985806999874,
              4.6015439978489665
            ],
            [
              -74.134459501531921,
              4.600843370377909
            ],
            [
              -74.136002262999909,
              4.5985615178492125
            ],
            [
              -74.136243595999986,
              4.5981575468490927
            ],
            [
              -74.136945696999987,
              4.5973034868491807
            ],
            [
              -74.137479869999879,
              4.5964619098493005
            ],
            [
              -74.137655729999949,
              4.5961952198492702
            ],
            [
              -74.137767019999842,
              4.5959518898491778
            ],
            [
              -74.13780297999989,
              4.5958486298491694
            ],
            [
              -74.137992340999915,
              4.5949705848492775
            ]
          ]
        ]
      },
      "properties": {
        "FID": 5,
        "CORREDOR": "Av Carrera 68"
      }
    },
    {
      "type": "Feature",
      "id": 6,
      "geometry": {
        "type": "MultiLineString",
        "coordinates": [
          [
            [
              -74.079522212152142,
              4.6239807372723858
            ],
            [
              -74.082591008398481,
              4.6245238159083657
            ],
            [
              -74.084726278902735,
              4.6249832869635448
            ],
            [
              -74.085695471532063,
              4.6249587449545588
            ],
            [
              -74.086620864255337,
              4.6248837129073364
            ],
            [
              -74.087901437049879,
              4.6249898745741893
            ],
            [
              -74.08932527291438,
              4.6253729520183882
            ],
            [
              -74.091048990761522,
              4.6255822932523616
            ],
            [
              -74.091652354066866,
              4.6256555702209976
            ],
            [
              -74.093587661344145,
              4.6257856715233681
            ],
            [
              -74.094745260514458,
              4.6257458020744426
            ],
            [
              -74.097253742920145,
              4.625987073724775
            ],
            [
              -74.101354007935925,
              4.6265818418055664
            ],
            [
              -74.104475696460497,
              4.6269052840364298
            ],
            [
              -74.106971411448853,
              4.6271494274656133
            ],
            [
              -74.108692146054977,
              4.6272279165208952
            ],
            [
              -74.114599398999815,
              4.6278448058481985
            ],
            [
              -74.117224365481661,
              4.6281390504573485
            ],
            [
              -74.118462407882987,
              4.6282778283446344
            ],
            [
              -74.120319038999924,
              4.6286905408480896
            ],
            [
              -74.122401050999883,
              4.6289311328481002
            ],
            [
              -74.124231784999836,
              4.6290275938481491
            ],
            [
              -74.125374834999889,
              4.6290422488482355
            ],
            [
              -74.128891909999936,
              4.629393955848105
            ],
            [
              -74.130363197399674,
              4.6295199501242728
            ],
            [
              -74.134196830999826,
              4.6298482448480947
            ],
            [
              -74.136658783999962,
              4.6302439158480624
            ],
            [
              -74.143267343272839,
              4.6308716724456627
            ],
            [
              -74.145143726999834,
              4.6310499128480158
            ],
            [
              -74.147019499999942,
              4.6311964568480315
            ],
            [
              -74.147377865511089,
              4.6310680344766295
            ],
            [
              -74.147754003524085,
              4.6308181096433163
            ],
            [
              -74.148294439999916,
              4.6306395868481944
            ],
            [
              -74.148711774259255,
              4.6307128588480317
            ],
            [
              -74.148916092496961,
              4.6308236779075278
            ],
            [
              -74.149102901946833,
              4.6309913074499596
            ],
            [
              -74.1493248016655,
              4.6311325759536901
            ],
            [
              -74.149478590034846,
              4.6311838614255789
            ],
            [
              -74.149546212825499,
              4.6313267289284354
            ],
            [
              -74.149812718718749,
              4.6317705869038495
            ],
            [
              -74.150042690706698,
              4.6322679292807276
            ],
            [
              -74.150284492743765,
              4.6325344767357741
            ],
            [
              -74.150712581633968,
              4.6327716238180248
            ],
            [
              -74.151090183382223,
              4.6329568231792431
            ],
            [
              -74.151505763395676,
              4.633209465286515
            ],
            [
              -74.151862152563353,
              4.6335369387762393
            ],
            [
              -74.153265391123455,
              4.6349321502722001
            ],
            [
              -74.153751067753774,
              4.6354880731454546
            ],
            [
              -74.154267897153375,
              4.6360796545944822
            ],
            [
              -74.154601162964241,
              4.637038378359728
            ],
            [
              -74.155446831622896,
              4.6384447235514346
            ],
            [
              -74.155987513488299,
              4.639027958370618
            ],
            [
              -74.156345336799632,
              4.6396996915333917
            ],
            [
              -74.156416403998776,
              4.6402033518778945
            ]
          ],
          [
            [
              -74.079569422833771,
              4.6240942613802742
            ],
            [
              -74.081887435345436,
              4.6244633470184127
            ],
            [
              -74.084557489023325,
              4.6250302406736141
            ],
            [
              -74.086763594678814,
              4.6254414149692602
            ],
            [
              -74.089013659189618,
              4.6254523894560302
            ],
            [
              -74.091042233538815,
              4.6256663831367106
            ],
            [
              -74.093731435381017,
              4.6259500662071504
            ],
            [
              -74.097739453243832,
              4.6266883020509972
            ],
            [
              -74.106604327415482,
              4.6276242825899043
            ],
            [
              -74.106996002727044,
              4.6276422967277835
            ],
            [
              -74.107975529999919,
              4.6277420418482338
            ],
            [
              -74.108006151999803,
              4.6277442988481834
            ],
            [
              -74.117110393385474,
              4.6285918242812283
            ],
            [
              -74.1230765869999,
              4.6291472248482233
            ],
            [
              -74.130326189200218,
              4.6299909635718812
            ],
            [
              -74.132247784999947,
              4.6302146068479928
            ],
            [
              -74.13920866299992,
              4.6308447498479932
            ],
            [
              -74.143216877284942,
              4.6312301549792583
            ],
            [
              -74.145304925999767,
              4.6314309288480713
            ],
            [
              -74.146569962238459,
              4.6315915573521531
            ],
            [
              -74.147180700312958,
              4.6317523547373538
            ],
            [
              -74.147865468976704,
              4.6318649810107981
            ],
            [
              -74.148787775701294,
              4.6320543615044754
            ],
            [
              -74.149186615763313,
              4.6320676383562764
            ],
            [
              -74.149428260400157,
              4.6321317219055933
            ],
            [
              -74.149610176555086,
              4.6322037175328461
            ],
            [
              -74.149733953914222,
              4.6323365863337429
            ],
            [
              -74.150529092403758,
              4.6330803908207212
            ],
            [
              -74.152766952348657,
              4.6353921857453475
            ],
            [
              -74.153316892392297,
              4.6359613954655847
            ],
            [
              -74.154014118277871,
              4.636683051864205
            ],
            [
              -74.154554802923997,
              4.637736392331818
            ],
            [
              -74.15526420222551,
              4.6389917832954248
            ],
            [
              -74.155889559119601,
              4.6403025480170506
            ]
          ]
        ]
      },
      "properties": {
        "FID": 6,
        "CORREDOR": "Av Americas"
      }
    },
    {
      "type": "Feature",
      "id": 7,
      "geometry": {
        "type": "MultiLineString",
        "coordinates": [
          [
            [
              -74.080025979082166,
              4.6036572408682179
            ],
            [
              -74.104879376014935,
              4.625683266654443
            ],
            [
              -74.105666504752378,
              4.6263839830440139
            ],
            [
              -74.106644641702758,
              4.6268600959591701
            ],
            [
              -74.10746601052432,
              4.627339653168006
            ],
            [
              -74.10848461343943,
              4.6282461680325708
            ],
            [
              -74.108841119999852,
              4.6285934998481508
            ],
            [
              -74.109263269999815,
              4.6290001598482
            ],
            [
              -74.109335459999897,
              4.6290690598482378
            ],
            [
              -74.10940622999982,
              4.6291553198480511
            ],
            [
              -74.109601529999736,
              4.6293605798481883
            ],
            [
              -74.109853099999839,
              4.6296756598481235
            ],
            [
              -74.110153549999836,
              4.6300807698480284
            ],
            [
              -74.110214729999825,
              4.6301632598480991
            ],
            [
              -74.110289138461269,
              4.6302410442263726
            ],
            [
              -74.110306199999854,
              4.6302588798480588
            ],
            [
              -74.11074044999981,
              4.6307352398481507
            ],
            [
              -74.111187309999821,
              4.6311863198480285
            ],
            [
              -74.111250409999741,
              4.6312346098480752
            ],
            [
              -74.111704769999847,
              4.631693969848043
            ],
            [
              -74.11214996099983,
              4.6321184118480261
            ],
            [
              -74.112344599999858,
              4.6323039798480821
            ],
            [
              -74.112973459999751,
              4.6328755898480729
            ],
            [
              -74.113225159999786,
              4.6331068598480414
            ],
            [
              -74.11431972999992,
              4.6340914198479526
            ],
            [
              -74.114798309999912,
              4.6344906998478992
            ],
            [
              -74.114835999999912,
              4.6345234598479577
            ],
            [
              -74.114862872922401,
              4.63454520945134
            ],
            [
              -74.114896319999843,
              4.6345722798479132
            ],
            [
              -74.116226329999847,
              4.6356796698478417
            ],
            [
              -74.11663228999987,
              4.6360114798479257
            ],
            [
              -74.116739829999801,
              4.6360857198478671
            ],
            [
              -74.117013859999815,
              4.636323689847802
            ],
            [
              -74.117474999999786,
              4.6366937998478592
            ],
            [
              -74.117809829999942,
              4.6369295498478511
            ],
            [
              -74.117812622999907,
              4.6369315158478068
            ],
            [
              -74.118260329999828,
              4.6372467198479725
            ],
            [
              -74.118322699999851,
              4.6372906308479438
            ],
            [
              -74.118353449999802,
              4.6373122798478477
            ],
            [
              -74.11840624415936,
              4.637349449939582
            ],
            [
              -74.118438810999862,
              4.6373723788479602
            ],
            [
              -74.118653246999827,
              4.6375233528478406
            ],
            [
              -74.119213289999891,
              4.6379176498478474
            ],
            [
              -74.119862169999863,
              4.6383024898478675
            ],
            [
              -74.120445219999795,
              4.6387022298478966
            ],
            [
              -74.121035579999784,
              4.6390945998478665
            ],
            [
              -74.121646729999895,
              4.6395680698477682
            ],
            [
              -74.122171409999794,
              4.6400033998478794
            ],
            [
              -74.122271362864467,
              4.640086523221651
            ],
            [
              -74.122790209999835,
              4.6405180098477921
            ],
            [
              -74.123180949999835,
              4.6409292298477096
            ],
            [
              -74.12339328999974,
              4.6412488798478666
            ],
            [
              -74.123589969999841,
              4.6416317898477244
            ],
            [
              -74.123710239999923,
              4.6419167698476631
            ],
            [
              -74.123824969999816,
              4.6423236298477617
            ],
            [
              -74.124096779999832,
              4.6439481598476648
            ],
            [
              -74.124299624999765,
              4.6451550848475289
            ],
            [
              -74.124325369999838,
              4.6453082698476855
            ],
            [
              -74.124411549999877,
              4.6456851498475933
            ],
            [
              -74.12458646999994,
              4.6462184898476346
            ],
            [
              -74.124811399999828,
              4.646683079847544
            ],
            [
              -74.125413914302726,
              4.6475368046730745
            ],
            [
              -74.126887903415252,
              4.6494407072767876
            ],
            [
              -74.129508947999909,
              4.6523474638474145
            ],
            [
              -74.130413517999727,
              4.6533099368473456
            ],
            [
              -74.13069599999983,
              4.6536118498473735
            ],
            [
              -74.13141864999983,
              4.6543806198473305
            ],
            [
              -74.132255259999852,
              4.6552619498472136
            ],
            [
              -74.132786399999929,
              4.6558169398473197
            ],
            [
              -74.13296368999994,
              4.6560370998472278
            ],
            [
              -74.133831189999796,
              4.6569208398473174
            ],
            [
              -74.134107799999924,
              4.6572162398472248
            ],
            [
              -74.135111789999883,
              4.6582878798472072
            ],
            [
              -74.13536183999986,
              4.6585830398470947
            ],
            [
              -74.135516199999927,
              4.6587658698471133
            ],
            [
              -74.13572731999983,
              4.6590159198471985
            ],
            [
              -74.135879569999815,
              4.6591908298471347
            ],
            [
              -74.135923389999789,
              4.6592423798470985
            ],
            [
              -74.135963969999864,
              4.6592901198471663
            ],
            [
              -74.1359729899998,
              4.6593007298471747
            ],
            [
              -74.136013711999794,
              4.6593486418471768
            ],
            [
              -74.136061399999846,
              4.6594047498472051
            ],
            [
              -74.136198099999945,
              4.65956661984709
            ],
            [
              -74.13673241999993,
              4.6601779698472177
            ],
            [
              -74.137020029999917,
              4.6605238198470689
            ],
            [
              -74.138086059999864,
              4.6617677798470938
            ],
            [
              -74.138527879999799,
              4.6622810898471094
            ],
            [
              -74.138793549999946,
              4.6625823698471338
            ],
            [
              -74.139158429999839,
              4.6629307298469849
            ],
            [
              -74.139565889999801,
              4.6632422898470267
            ],
            [
              -74.139702697145765,
              4.6633256582100753
            ],
            [
              -74.13993430999983,
              4.6634667998469181
            ],
            [
              -74.140414379999925,
              4.6636941598470791
            ],
            [
              -74.1406122799998,
              4.6637753298470637
            ],
            [
              -74.143289329999789,
              4.6647870098470614
            ],
            [
              -74.144064279999952,
              4.6650765498470355
            ],
            [
              -74.145499229999928,
              4.665607609846858
            ],
            [
              -74.145716769999808,
              4.6656916598469182
            ],
            [
              -74.146122699999751,
              4.6658484898468897
            ],
            [
              -74.147296679999783,
              4.666290789846907
            ],
            [
              -74.147931469999833,
              4.6665273998469035
            ],
            [
              -74.148172689999797,
              4.6666167698468568
            ],
            [
              -74.148577239999952,
              4.6667706998469765
            ],
            [
              -74.148663975365082,
              4.6668034112835457
            ],
            [
              -74.148869199999865,
              4.6668808098468322
            ],
            [
              -74.1491439899998,
              4.6669839198468352
            ],
            [
              -74.149449169999798,
              4.6671040198468328
            ],
            [
              -74.149765349999939,
              4.6672420598469024
            ],
            [
              -74.150075009999739,
              4.6674144698469044
            ],
            [
              -74.1504192499998,
              4.6676562298468376
            ],
            [
              -74.150670329999855,
              4.667881899846849
            ],
            [
              -74.150895889999788,
              4.6681212598469219
            ],
            [
              -74.151181069999836,
              4.6685037298467735
            ],
            [
              -74.151369099999783,
              4.6688412998468154
            ],
            [
              -74.151477069999828,
              4.6690863198468326
            ],
            [
              -74.151592489999871,
              4.6694130498468587
            ],
            [
              -74.151957459999949,
              4.6706458398468405
            ],
            [
              -74.15205850999979,
              4.6709871398468268
            ],
            [
              -74.152315769999859,
              4.6718769898467034
            ],
            [
              -74.152622029999804,
              4.6729363098467509
            ],
            [
              -74.152661689999888,
              4.6730734798467086
            ],
            [
              -74.152894339999932,
              4.6737938298467965
            ],
            [
              -74.152932818244722,
              4.6739634616402208
            ],
            [
              -74.152933579999797,
              4.6739668198467417
            ],
            [
              -74.152973409999902,
              4.6740587098467072
            ],
            [
              -74.153702689999932,
              4.6765759198466892
            ],
            [
              -74.154075369999873,
              4.6778094698465846
            ],
            [
              -74.154347859999859,
              4.6786745698465548
            ],
            [
              -74.154568459999894,
              4.6791979698464985
            ],
            [
              -74.154824339999834,
              4.6797051498464857
            ],
            [
              -74.154990059999875,
              4.6799853898465829
            ],
            [
              -74.155220239999835,
              4.6803707998464965
            ],
            [
              -74.155236319999915,
              4.6804010998464802
            ],
            [
              -74.155306389999851,
              4.6805185098464523
            ],
            [
              -74.155440909999868,
              4.6807540598465724
            ],
            [
              -74.155456859999788,
              4.6807791698465371
            ],
            [
              -74.155471679999835,
              4.680807919846373
            ],
            [
              -74.155511369999772,
              4.6808773398464831
            ],
            [
              -74.155670199999918,
              4.6811495298463965
            ],
            [
              -74.155776149999895,
              4.6813281798464477
            ],
            [
              -74.156054079999819,
              4.681804899846429
            ],
            [
              -74.156163759999913,
              4.6819896298464192
            ],
            [
              -74.156325239999944,
              4.6822433298464441
            ],
            [
              -74.156467609999822,
              4.6824859398464813
            ],
            [
              -74.156494709999777,
              4.6825298198463337
            ],
            [
              -74.156516579999789,
              4.682570339846353
            ],
            [
              -74.156568399999742,
              4.6826589598463979
            ],
            [
              -74.156710269999849,
              4.6829177298464604
            ],
            [
              -74.156727489999923,
              4.6829456298464764
            ],
            [
              -74.156930959999784,
              4.6832949298463946
            ],
            [
              -74.157218729999727,
              4.6837967898463653
            ],
            [
              -74.157233109999765,
              4.683822739846371
            ],
            [
              -74.157535829999915,
              4.6843445498463634
            ],
            [
              -74.157598989999826,
              4.6844514998463325
            ],
            [
              -74.157611869999812,
              4.6844773398463095
            ],
            [
              -74.157629219999762,
              4.6845029498462747
            ],
            [
              -74.157704939999803,
              4.6846318998463028
            ],
            [
              -74.157755759999816,
              4.6847077998463744
            ],
            [
              -74.157820499999843,
              4.6848047898464049
            ],
            [
              -74.157865699999945,
              4.6848878398463416
            ],
            [
              -74.1579573799998,
              4.6850356998463054
            ],
            [
              -74.158158879999803,
              4.6853260598463651
            ],
            [
              -74.158291599999927,
              4.6855089198463489
            ],
            [
              -74.158450469999934,
              4.6856977198463348
            ],
            [
              -74.158597699999859,
              4.6858766198462494
            ],
            [
              -74.158840889999908,
              4.6861349698462647
            ],
            [
              -74.159061009999903,
              4.6863494798462426
            ],
            [
              -74.159198599999854,
              4.686474729846287
            ],
            [
              -74.159570879999819,
              4.6867533898462765
            ],
            [
              -74.159616519999872,
              4.6867875598462643
            ],
            [
              -74.159746855512594,
              4.6868960914535975
            ],
            [
              -74.159787479999807,
              4.6869299198462979
            ],
            [
              -74.160125339999865,
              4.6871987998463069
            ],
            [
              -74.1601784799999,
              4.6872399498462141
            ],
            [
              -74.160229259999937,
              4.6872809798461903
            ],
            [
              -74.160411489999831,
              4.6874238898463201
            ],
            [
              -74.16084305999982,
              4.6877606998462769
            ],
            [
              -74.161016349999784,
              4.6878948898461976
            ],
            [
              -74.161067269999819,
              4.687935439846127
            ],
            [
              -74.161112509999839,
              4.6879704598462322
            ],
            [
              -74.161202749999916,
              4.6880425898463187
            ],
            [
              -74.161332209999728,
              4.6881478598463158
            ],
            [
              -74.161566669999843,
              4.6883276498462596
            ],
            [
              -74.161742679999918,
              4.6884605498462388
            ],
            [
              -74.161851549999881,
              4.6885454198461405
            ],
            [
              -74.161892929999851,
              4.6885774698461624
            ],
            [
              -74.16262684999981,
              4.6891422498461344
            ],
            [
              -74.162977469999873,
              4.6894075598462104
            ],
            [
              -74.163687093784233,
              4.6899723442956596
            ],
            [
              -74.163687439999819,
              4.6899726198460741
            ],
            [
              -74.1647563639998,
              4.6907758048461528
            ],
            [
              -74.164826039999866,
              4.690828159846129
            ],
            [
              -74.164985839999872,
              4.6909470998461735
            ],
            [
              -74.166387859999872,
              4.6920268098461371
            ],
            [
              -74.167248359999917,
              4.6927466298459741
            ],
            [
              -74.16795427999989,
              4.6933716498459814
            ],
            [
              -74.168201099999806,
              4.6935950998459965
            ],
            [
              -74.168619019999824,
              4.6939545798460847
            ],
            [
              -74.168810979999819,
              4.6941265898461051
            ],
            [
              -74.168993809999847,
              4.6942797598459656
            ],
            [
              -74.169428029999892,
              4.6946745298459032
            ],
            [
              -74.169920569999874,
              4.6951156998459957
            ],
            [
              -74.17028168999974,
              4.6953992598459999
            ],
            [
              -74.170447879999813,
              4.6955268698459287
            ],
            [
              -74.170608099999811,
              4.6956197198459719
            ],
            [
              -74.170731759999853,
              4.6956873298460629
            ],
            [
              -74.171042319999856,
              4.6958036598460762
            ],
            [
              -74.171471389999851,
              4.6959174398460641
            ],
            [
              -74.171651746999828,
              4.6959596018460044
            ],
            [
              -74.171906680999882,
              4.6960191978459225
            ],
            [
              -74.172121797999921,
              4.6960694858460457
            ]
          ],
          [
            [
              -74.07986739071049,
              4.6038715311083536
            ],
            [
              -74.10534914514551,
              4.6263858038465422
            ],
            [
              -74.105695948824177,
              4.6270328587228953
            ],
            [
              -74.105780587967729,
              4.6271531152108381
            ],
            [
              -74.105960045131667,
              4.62730799913873
            ],
            [
              -74.106144573089296,
              4.6273576242004975
            ],
            [
              -74.106765218530484,
              4.6274790275978708
            ],
            [
              -74.107338215594496,
              4.6276943584837671
            ],
            [
              -74.10773377330969,
              4.6278719577049809
            ],
            [
              -74.107992189330105,
              4.6280033934579343
            ],
            [
              -74.108629709999946,
              4.6285636398481715
            ],
            [
              -74.108747079999887,
              4.6286765298480743
            ],
            [
              -74.109289629999864,
              4.6292948598482431
            ],
            [
              -74.109471309999947,
              4.6295149498481472
            ],
            [
              -74.109569859999851,
              4.6295625198481947
            ],
            [
              -74.109751769999889,
              4.6297917398481179
            ],
            [
              -74.11017895835846,
              4.6303358503611971
            ],
            [
              -74.110198679999826,
              4.6303609698481552
            ],
            [
              -74.110380029999817,
              4.6305718498481454
            ],
            [
              -74.110643039999843,
              4.6308457498480973
            ],
            [
              -74.111027159999821,
              4.6312252098480116
            ],
            [
              -74.111102789999848,
              4.6313015198481224
            ],
            [
              -74.11160526999987,
              4.6318030598480053
            ],
            [
              -74.11203797099995,
              4.6322370208479349
            ],
            [
              -74.112144509999894,
              4.6323438698480066
            ],
            [
              -74.112245299999813,
              4.6324254898480053
            ],
            [
              -74.112921049999841,
              4.6330197598481231
            ],
            [
              -74.113150139999789,
              4.633240049848018
            ],
            [
              -74.114132409999797,
              4.6341255098479426
            ],
            [
              -74.114707709999891,
              4.6346012298479762
            ],
            [
              -74.114744679999831,
              4.634625269848061
            ],
            [
              -74.114780428199253,
              4.6346544219419288
            ],
            [
              -74.114811069999803,
              4.6346794098479203
            ],
            [
              -74.116131429999825,
              4.6357953998480177
            ],
            [
              -74.116483089999861,
              4.6360849098479671
            ],
            [
              -74.116544989999852,
              4.6361366798479882
            ],
            [
              -74.116628649999825,
              4.6362029798479441
            ],
            [
              -74.116909009999858,
              4.6364345698479363
            ],
            [
              -74.117405109999879,
              4.6367959598480075
            ],
            [
              -74.11774116499987,
              4.6370324398478457
            ],
            [
              -74.117743872999824,
              4.6370343458479732
            ],
            [
              -74.118168350999952,
              4.6373330388479017
            ],
            [
              -74.118230680999886,
              4.6373768978479131
            ],
            [
              -74.118263529999922,
              4.6374030398479382
            ],
            [
              -74.118320455030755,
              4.6374428988118686
            ],
            [
              -74.118344123999918,
              4.6374594718477749
            ],
            [
              -74.118571687999918,
              4.6376188138478405
            ],
            [
              -74.119138759999942,
              4.6380158798477744
            ],
            [
              -74.119759369999883,
              4.6384487898479048
            ],
            [
              -74.119877929999916,
              4.6385317498478367
            ],
            [
              -74.120339859999945,
              4.6388153598478201
            ],
            [
              -74.120644139999797,
              4.6390141298477543
            ],
            [
              -74.121185519999926,
              4.6393967998478169
            ],
            [
              -74.12176401999983,
              4.6398403598476987
            ],
            [
              -74.122075449999841,
              4.6401033398478075
            ],
            [
              -74.122179107213867,
              4.6402025867820189
            ],
            [
              -74.122241149999866,
              4.6402619898477484
            ],
            [
              -74.122720189999825,
              4.6406577398477848
            ],
            [
              -74.122953929999881,
              4.6408987498478611
            ],
            [
              -74.123030639999911,
              4.6410093098477416
            ],
            [
              -74.123271799999884,
              4.6413448498478198
            ],
            [
              -74.123372389999872,
              4.6415303298476767
            ],
            [
              -74.123436629999844,
              4.6416894498476999
            ],
            [
              -74.123516869999833,
              4.6418377498477348
            ],
            [
              -74.123664179999935,
              4.6422827498477304
            ],
            [
              -74.123796529999879,
              4.6430130498477498
            ],
            [
              -74.123946319999845,
              4.6439976598476509
            ],
            [
              -74.124149139999815,
              4.6452275198475759
            ],
            [
              -74.124260979999917,
              4.6457327798476289
            ],
            [
              -74.124434559999827,
              4.6462707698475567
            ],
            [
              -74.124614509999788,
              4.6466779598476364
            ],
            [
              -74.124670919999915,
              4.6467646498475013
            ],
            [
              -74.125671862397326,
              4.6481509668033141
            ],
            [
              -74.126961602870779,
              4.6497355050991693
            ],
            [
              -74.128730389805753,
              4.6517745233713823
            ],
            [
              -74.129392480999797,
              4.6524464398474104
            ],
            [
              -74.130302457999846,
              4.6534048418473057
            ],
            [
              -74.1305767839998,
              4.6537083838473361
            ],
            [
              -74.130717418999893,
              4.6538566418473541
            ],
            [
              -74.13125818899988,
              4.6544222248473046
            ],
            [
              -74.131259000999933,
              4.6544230738473074
            ],
            [
              -74.131309479999857,
              4.6544758698472277
            ],
            [
              -74.132154109999931,
              4.6553645298471915
            ],
            [
              -74.132720109999866,
              4.6559700398471815
            ],
            [
              -74.133722279999915,
              4.6570244398471949
            ],
            [
              -74.134006959999851,
              4.6573094198472962
            ],
            [
              -74.134709769999915,
              4.6580653298472843
            ],
            [
              -74.134713099999829,
              4.6580689098472279
            ],
            [
              -74.134993429999838,
              4.6583900598471493
            ],
            [
              -74.135255429999859,
              4.658684249847119
            ],
            [
              -74.135601409999879,
              4.6591183498471649
            ],
            [
              -74.135688619999826,
              4.6592367798472045
            ],
            [
              -74.135723639999867,
              4.6592770898471239
            ],
            [
              -74.135760409999818,
              4.6593194198472769
            ],
            [
              -74.135804889999918,
              4.6593706198472455
            ],
            [
              -74.135846059999949,
              4.6594180198472728
            ],
            [
              -74.135853699999871,
              4.6594268198470914
            ],
            [
              -74.135897069999828,
              4.6594767398471264
            ],
            [
              -74.135944049999807,
              4.6595308198471637
            ],
            [
              -74.136062519999768,
              4.6596680698471262
            ],
            [
              -74.136618109999802,
              4.6602819298470957
            ],
            [
              -74.137742459999856,
              4.6615956498470377
            ],
            [
              -74.137967359999891,
              4.6618612698471935
            ],
            [
              -74.138417319999803,
              4.6623943798470524
            ],
            [
              -74.138663159999737,
              4.6626572298471123
            ],
            [
              -74.139078969999844,
              4.6630214298470278
            ],
            [
              -74.13961235999983,
              4.6633976798470567
            ],
            [
              -74.139640910862568,
              4.6634153479762546
            ],
            [
              -74.139960209999856,
              4.6636129398471091
            ],
            [
              -74.14017100999979,
              4.6637179798471022
            ],
            [
              -74.140542999999923,
              4.6638684798471131
            ],
            [
              -74.143243009999935,
              4.6648873298470104
            ],
            [
              -74.144023819999802,
              4.6651782998470903
            ],
            [
              -74.145692679999854,
              4.6657981598469869
            ],
            [
              -74.146112939999739,
              4.6659542498469353
            ],
            [
              -74.147261439999795,
              4.6663878998469182
            ],
            [
              -74.147894839999822,
              4.6666213698468653
            ],
            [
              -74.148120129999882,
              4.6667104898469605
            ],
            [
              -74.148521289999792,
              4.6668611898470207
            ],
            [
              -74.148605742551752,
              4.6668953578311712
            ],
            [
              -74.14884821999982,
              4.6669934598469531
            ],
            [
              -74.148895662999848,
              4.6670114858469738
            ],
            [
              -74.149089749999916,
              4.6670852298468768
            ],
            [
              -74.149391659999935,
              4.6672033998468798
            ],
            [
              -74.149748289999877,
              4.6673584998469009
            ],
            [
              -74.150067049999791,
              4.6675402598468736
            ],
            [
              -74.150343289999796,
              4.6677389098469355
            ],
            [
              -74.150600049999809,
              4.6679665298469653
            ],
            [
              -74.150834749999888,
              4.6682268198469812
            ],
            [
              -74.151108859999908,
              4.6686016098468768
            ],
            [
              -74.151229799999896,
              4.6688092498468023
            ],
            [
              -74.151381989999948,
              4.6691477298469444
            ],
            [
              -74.151479269999754,
              4.6694527798469361
            ],
            [
              -74.151594829999794,
              4.6698150998468959
            ],
            [
              -74.151961809999875,
              4.6710795298468462
            ],
            [
              -74.151980359999811,
              4.6711434498467908
            ],
            [
              -74.152698539999903,
              4.673585939846669
            ],
            [
              -74.15284415036092,
              4.6740265522497211
            ],
            [
              -74.152846409999881,
              4.6740333898467377
            ],
            [
              -74.152902969999843,
              4.6742676298467254
            ],
            [
              -74.152906229999871,
              4.6742810998467856
            ],
            [
              -74.153594179999857,
              4.6766129998465384
            ],
            [
              -74.153960979999908,
              4.6778523198465809
            ],
            [
              -74.15409418999991,
              4.67829655984655
            ],
            [
              -74.154251739999893,
              4.6787321698464854
            ],
            [
              -74.154471499999886,
              4.6792608598465355
            ],
            [
              -74.154738489999772,
              4.679767219846493
            ],
            [
              -74.154762239999855,
              4.6798114798465917
            ],
            [
              -74.154859419999809,
              4.6799822398465283
            ],
            [
              -74.154877209999881,
              4.6800056298464963
            ],
            [
              -74.154902669999842,
              4.6800551998464828
            ],
            [
              -74.155120039999872,
              4.6804493398464357
            ],
            [
              -74.15514909999979,
              4.6804906198464407
            ],
            [
              -74.155226349999793,
              4.6806257898464532
            ],
            [
              -74.155352709999875,
              4.6808442498463769
            ],
            [
              -74.155540879999876,
              4.681165629846487
            ],
            [
              -74.155563009999867,
              4.68120737984641
            ],
            [
              -74.155590859999847,
              4.6812512098464945
            ],
            [
              -74.155686549999871,
              4.6814146898465188
            ],
            [
              -74.155955479999818,
              4.6818783498464827
            ],
            [
              -74.156108749999817,
              4.6821395998464146
            ],
            [
              -74.156266819999814,
              4.6824124198464334
            ],
            [
              -74.156344579999939,
              4.6825450598463707
            ],
            [
              -74.156371199999853,
              4.682593129846417
            ],
            [
              -74.156398759999831,
              4.6826376898464099
            ],
            [
              -74.156569579999825,
              4.6829290698463648
            ],
            [
              -74.15659683999985,
              4.6829730498464039
            ],
            [
              -74.15661933999985,
              4.6830134698464017
            ],
            [
              -74.156745859999774,
              4.6832274598463073
            ],
            [
              -74.15687655999983,
              4.683452219846453
            ],
            [
              -74.157078369999908,
              4.6838015798463495
            ],
            [
              -74.157104309999852,
              4.6838477898462934
            ],
            [
              -74.157132089999834,
              4.6838942598464284
            ],
            [
              -74.157257399999821,
              4.6841103398463426
            ],
            [
              -74.157501519999926,
              4.6845263598462568
            ],
            [
              -74.157625639999821,
              4.6847352598463292
            ],
            [
              -74.157650549999914,
              4.6847802898463442
            ],
            [
              -74.157760579999888,
              4.6849603198463123
            ],
            [
              -74.15787940999985,
              4.6851359998462287
            ],
            [
              -74.158114769999884,
              4.6854560098462725
            ],
            [
              -74.158300029999907,
              4.6856841198462869
            ],
            [
              -74.158358529999873,
              4.6857378498462792
            ],
            [
              -74.158428009999852,
              4.6858377298463827
            ],
            [
              -74.158726259999924,
              4.6861748798463827
            ],
            [
              -74.158953049999866,
              4.6864030398462626
            ],
            [
              -74.158971429999951,
              4.686435079846218
            ],
            [
              -74.158979839999859,
              4.6864829798462964
            ],
            [
              -74.159560999999883,
              4.6869659998462723
            ],
            [
              -74.159619519826663,
              4.6870131581326184
            ],
            [
              -74.159668494999892,
              4.6870526248462614
            ],
            [
              -74.159775989999844,
              4.687139249846199
            ],
            [
              -74.160076919999938,
              4.6873675998462909
            ],
            [
              -74.160137719999909,
              4.6874168298462333
            ],
            [
              -74.160462259999861,
              4.6876665898463132
            ],
            [
              -74.160675379999816,
              4.6878321298463197
            ],
            [
              -74.160949289999905,
              4.6880425598461208
            ],
            [
              -74.161093579999942,
              4.6881542898461355
            ],
            [
              -74.161237519999872,
              4.688263189846289
            ],
            [
              -74.161348269999792,
              4.6883484598462291
            ],
            [
              -74.161479559999918,
              4.6884509398461773
            ],
            [
              -74.1616303899998,
              4.6885701898462377
            ],
            [
              -74.161753369999758,
              4.6886617598461777
            ],
            [
              -74.161791269999867,
              4.6886921898462122
            ],
            [
              -74.162531629999762,
              4.6892588298461861
            ],
            [
              -74.162887589999798,
              4.6895306398461258
            ],
            [
              -74.163374369999929,
              4.6899169398460616
            ],
            [
              -74.163594946691944,
              4.6900721703124226
            ],
            [
              -74.16359873999977,
              4.6900748398461518
            ],
            [
              -74.163671539999825,
              4.6901386298461007
            ],
            [
              -74.164097969999773,
              4.6904519998461121
            ],
            [
              -74.164738759999921,
              4.6909526398461363
            ],
            [
              -74.166422249999869,
              4.6922350498461336
            ],
            [
              -74.167180869999925,
              4.6928347998459978
            ],
            [
              -74.167848449999838,
              4.6934152598460752
            ],
            [
              -74.168108999999902,
              4.6936400098459776
            ],
            [
              -74.168557189999945,
              4.6940238498461202
            ],
            [
              -74.16874514999995,
              4.6941942698460206
            ],
            [
              -74.168932539999844,
              4.6943542598461141
            ],
            [
              -74.169352909999873,
              4.6947667498459031
            ],
            [
              -74.169840489999899,
              4.6952232898460231
            ],
            [
              -74.170207569999889,
              4.6955271798459499
            ],
            [
              -74.170547589999785,
              4.6957300998459903
            ],
            [
              -74.170897499999796,
              4.6958959898458774
            ],
            [
              -74.171126589999744,
              4.6959772098460189
            ],
            [
              -74.171625792999748,
              4.6961001178458792
            ],
            [
              -74.171880183999747,
              4.6961627508460184
            ],
            [
              -74.172096747999888,
              4.6962160708459653
            ]
          ]
        ]
      },
      "properties": {
        "FID": 7,
        "CORREDOR": "Av Centenario"
      }
    },
    {
      "type": "Feature",
      "id": 8,
      "geometry": {
        "type": "MultiLineString",
        "coordinates": [
          [
            [
              -74.060035535398413,
              4.602186920154022
            ],
            [
              -74.059983018999958,
              4.6019614708489183
            ],
            [
              -74.060233909999852,
              4.6016203728489513
            ],
            [
              -74.06096120899997,
              4.601341292848975
            ],
            [
              -74.061493998999822,
              4.6013525688490402
            ],
            [
              -74.061995778999801,
              4.6014230438490706
            ],
            [
              -74.062500378999971,
              4.6011496018490368
            ],
            [
              -74.062838657999976,
              4.6009325388491265
            ],
            [
              -74.063374265999812,
              4.6009889188490085
            ],
            [
              -74.064383464999821,
              4.6007182958490613
            ],
            [
              -74.064645630999848,
              4.6004448538490301
            ],
            [
              -74.064916254999844,
              4.6001742308490963
            ],
            [
              -74.06554612299982,
              4.5996252318490676
            ],
            [
              -74.065782473999832,
              4.5992826398491538
            ],
            [
              -74.065866254999833,
              4.5989592448491541
            ],
            [
              -74.065832426999975,
              4.598336247849236
            ],
            [
              -74.066311654999822,
              4.5981417378491019
            ],
            [
              -74.06689800599986,
              4.5979697788492233
            ],
            [
              -74.06727715999989,
              4.5976871748491117
            ],
            [
              -74.067653494999831,
              4.596751974849183
            ],
            [
              -74.067884652999794,
              4.5960866928492612
            ],
            [
              -74.067670408999902,
              4.5957540518491546
            ],
            [
              -74.067515364999792,
              4.595520074849289
            ],
            [
              -74.067636580999874,
              4.595026751849244
            ],
            [
              -74.068065067999953,
              4.5939752678493182
            ],
            [
              -74.06826889499979,
              4.5936260368493027
            ],
            [
              -74.068440693999946,
              4.5935953528492268
            ],
            [
              -74.068685412999855,
              4.5936855128492295
            ],
            [
              -74.068878610999946,
              4.5937917718492383
            ],
            [
              -74.069085216999895,
              4.5939194338493055
            ],
            [
              -74.069180717999984,
              4.593936624849225
            ],
            [
              -74.069361881999896,
              4.5938919898491708
            ],
            [
              -74.069532142999833,
              4.5936690778492171
            ],
            [
              -74.069708880999826,
              4.5934438708493035
            ],
            [
              -74.069820920999859,
              4.5932163948493461
            ],
            [
              -74.070746664999888,
              4.5911334718493197
            ],
            [
              -74.071264879999944,
              4.5902479778494136
            ],
            [
              -74.071400722999897,
              4.5898605738493261
            ],
            [
              -74.071491284999865,
              4.5896542938495219
            ]
          ],
          [
            [
              -74.060035535398413,
              4.602186920154022
            ],
            [
              -74.059486311999819,
              4.6019590958490273
            ],
            [
              -74.059274057999914,
              4.6018411768489296
            ],
            [
              -74.059219028999905,
              4.6016367838490009
            ],
            [
              -74.059321224999906,
              4.6012594428489644
            ],
            [
              -74.059478450999848,
              4.6009685748490465
            ],
            [
              -74.060060184999941,
              4.6006541238491119
            ],
            [
              -74.060649780999881,
              4.600646262849085
            ],
            [
              -74.061058566999861,
              4.6004261468491627
            ],
            [
              -74.061207930999956,
              4.6001667248490055
            ],
            [
              -74.061405080999862,
              4.6000352918490934
            ],
            [
              -74.061512044999915,
              4.6000345028490788
            ],
            [
              -74.06200191999983,
              4.6002138928489851
            ],
            [
              -74.062253276999854,
              4.6002138928489851
            ],
            [
              -74.062351860999854,
              4.6001569888490872
            ],
            [
              -74.062795908999988,
              4.5996636038490699
            ],
            [
              -74.063424810999891,
              4.5991919268490191
            ],
            [
              -74.06371567799988,
              4.5990897308490819
            ],
            [
              -74.064234521999822,
              4.5995692678490583
            ],
            [
              -74.064370411999903,
              4.5996585668490821
            ],
            [
              -74.064455905999864,
              4.599686791849015
            ],
            [
              -74.064614160999895,
              4.5996476738491667
            ],
            [
              -74.064902730999961,
              4.5993648748491314
            ],
            [
              -74.065075678999904,
              4.5990111178491153
            ],
            [
              -74.064784810999981,
              4.5975646428490782
            ],
            [
              -74.06483983999982,
              4.5973759728491448
            ],
            [
              -74.065177874999904,
              4.5971794408491897
            ],
            [
              -74.065610244999903,
              4.5973602498491548
            ],
            [
              -74.065940418999844,
              4.5974860308491552
            ],
            [
              -74.066474985999832,
              4.5971794408491897
            ],
            [
              -74.066797297999869,
              4.596690154849254
            ],
            [
              -74.066907984999887,
              4.5962121888491581
            ],
            [
              -74.066983452999921,
              4.5957191298491038
            ],
            [
              -74.067315512999926,
              4.5950248218492478
            ],
            [
              -74.067617385999881,
              4.5944713888492146
            ],
            [
              -74.067748197999947,
              4.5942147968493101
            ],
            [
              -74.067873977999852,
              4.5939078918492635
            ],
            [
              -74.068029945999911,
              4.5937066438493321
            ],
            [
              -74.06827144399989,
              4.5935708008493208
            ],
            [
              -74.068638722999822,
              4.5935456448492165
            ],
            [
              -74.069006001999924,
              4.5937720498491927
            ],
            [
              -74.069202218999919,
              4.5938424868492733
            ],
            [
              -74.069544341999858,
              4.5935657698493824
            ],
            [
              -74.069710371999861,
              4.593228677849396
            ],
            [
              -74.070636115999889,
              4.5911457548493066
            ],
            [
              -74.071154330999946,
              4.5902602608494583
            ],
            [
              -74.071290173999898,
              4.5898728568493778
            ],
            [
              -74.071380735999867,
              4.5896665768493961
            ]
          ],
          [
            [
              -74.061313237383388,
              4.6028645702608637
            ],
            [
              -74.061317672720406,
              4.6027624473159152
            ],
            [
              -74.060634455697254,
              4.6024353593158605
            ],
            [
              -74.060035535398413,
              4.602186920154022
            ]
          ],
          [
            [
              -74.061313237383388,
              4.6028645702608637
            ],
            [
              -74.060814398690638,
              4.6026486852504194
            ],
            [
              -74.060728895371483,
              4.6025948034049495
            ],
            [
              -74.060637178269303,
              4.6025502269312222
            ],
            [
              -74.06004434446379,
              4.6022247368689682
            ],
            [
              -74.060035535398413,
              4.602186920154022
            ]
          ],
          [
            [
              -74.048685223655184,
              4.6501363915904728
            ],
            [
              -74.048760249999873,
              4.6501194498473426
            ],
            [
              -74.049067153999886,
              4.6501596998475083
            ],
            [
              -74.049338839999962,
              4.6502301368475321
            ],
            [
              -74.049472560375705,
              4.6502214157525801
            ]
          ],
          [
            [
              -74.048685223655184,
              4.6501363915904728
            ],
            [
              -74.048956604999887,
              4.6501719828475494
            ],
            [
              -74.049228290999963,
              4.650242419847407
            ],
            [
              -74.049459726999942,
              4.6502273258474247
            ],
            [
              -74.049472560375705,
              4.6502214157525801
            ]
          ],
          [
            [
              -74.049472560375705,
              4.6502214157525801
            ],
            [
              -74.04957027599994,
              4.6502150428475408
            ],
            [
              -74.049952647999874,
              4.650038950847545
            ],
            [
              -74.050667080999915,
              4.6495408598474528
            ],
            [
              -74.050772736999875,
              4.6493798608475663
            ],
            [
              -74.050858266999853,
              4.6492087998475116
            ],
            [
              -74.05105250831275,
              4.6487293975215325
            ],
            [
              -74.051094734999879,
              4.6486251788474942
            ],
            [
              -74.051733698999897,
              4.6476994348474996
            ],
            [
              -74.051839354999913,
              4.6473975618475025
            ],
            [
              -74.051929915999949,
              4.6468994718475063
            ],
            [
              -74.052090914999951,
              4.6466428798476027
            ],
            [
              -74.052272038999831,
              4.646290694847675
            ],
            [
              -74.052433037999833,
              4.6455762618476504
            ],
            [
              -74.052548755999908,
              4.6451284838475893
            ],
            [
              -74.052629254999829,
              4.6448316418476985
            ],
            [
              -74.052729879999902,
              4.6446102678476793
            ],
            [
              -74.053192751999916,
              4.6439511788476313
            ],
            [
              -74.053363812999862,
              4.6436291808476335
            ],
            [
              -74.053534873999865,
              4.6434530888476333
            ],
            [
              -74.05373109199985,
              4.6432870588475801
            ],
            [
              -74.053977620999831,
              4.64317637184757
            ],
            [
              -74.054264400999841,
              4.6430304668476774
            ],
            [
              -74.05453105499987,
              4.6428744988477346
            ],
            [
              -74.05470211699992,
              4.642587719847727
            ],
            [
              -74.054827896999825,
              4.6422908778477261
            ],
            [
              -74.055034314999943,
              4.6422075678477475
            ],
            [
              -74.055381467999894,
              4.6421522238476056
            ],
            [
              -74.055889620999835,
              4.6422930978477215
            ],
            [
              -74.056337399999848,
              4.6425496898477956
            ],
            [
              -74.056563803999836,
              4.6427559698476077
            ],
            [
              -74.056946960252276,
              4.6429699407232761
            ],
            [
              -74.05695120799993,
              4.6429723128476912
            ],
            [
              -74.057409048999887,
              4.6430377178476743
            ],
            [
              -74.05775117099995,
              4.6430930618475896
            ],
            [
              -74.058083231999888,
              4.6430628738477813
            ],
            [
              -74.058706964999885,
              4.6425021888477014
            ],
            [
              -74.058943431999921,
              4.6420795668477401
            ],
            [
              -74.059205054999893,
              4.6410682918478319
            ],
            [
              -74.059647801999859,
              4.6393778038478279
            ],
            [
              -74.059718238999892,
              4.6388595878478043
            ],
            [
              -74.059753457999875,
              4.6382508108477944
            ],
            [
              -74.059818862999805,
              4.6376621588479532
            ],
            [
              -74.05986917599995,
              4.6369024448478324
            ],
            [
              -74.059986540960722,
              4.6357166521223192
            ],
            [
              -74.060015080999847,
              4.6354282988479234
            ],
            [
              -74.060145891999923,
              4.6349905828479629
            ],
            [
              -74.06032198499986,
              4.6346484598479787
            ],
            [
              -74.06050310899991,
              4.6344119928480669
            ],
            [
              -74.060613795999927,
              4.6341554008479919
            ],
            [
              -74.060749637999891,
              4.6333302818480666
            ],
            [
              -74.060694294999848,
              4.6326007548479975
            ],
            [
              -74.060734544999889,
              4.6322334768480067
            ],
            [
              -74.060920699999826,
              4.6318712288480892
            ],
            [
              -74.061187353999856,
              4.6314989188480027
            ],
            [
              -74.061338290999913,
              4.6312624518480927
            ],
            [
              -74.061443945999883,
              4.6309857348480188
            ],
            [
              -74.061584819999894,
              4.6306285188481491
            ],
            [
              -74.061670350999862,
              4.6303870198481327
            ],
            [
              -74.061841411999978,
              4.6302109278481289
            ],
            [
              -74.062299252999935,
              4.6299040238481863
            ],
            [
              -74.062394845999847,
              4.6297581178481879
            ],
            [
              -74.062420001999897,
              4.6295417758480379
            ],
            [
              -74.06238981499996,
              4.6290537478482117
            ],
            [
              -74.062198628999795,
              4.6279066308480719
            ],
            [
              -74.061765943999944,
              4.6270714488480955
            ],
            [
              -74.061071635999895,
              4.6258790508482406
            ],
            [
              -74.060795056999837,
              4.6256900848482525
            ],
            [
              -74.060508277999986,
              4.625760521848286
            ],
            [
              -74.06002528099998,
              4.6260774888483347
            ],
            [
              -74.059798875999832,
              4.6262284248481693
            ],
            [
              -74.0595775029999,
              4.6263038928481999
            ],
            [
              -74.059325941999873,
              4.6262384878482212
            ],
            [
              -74.059005499999898,
              4.6258639598483349
            ],
            [
              -74.058651620999854,
              4.6250941808483637
            ],
            [
              -74.058435569378275,
              4.6247701030029278
            ],
            [
              -74.058389997999882,
              4.6247017458483457
            ],
            [
              -74.058249123999929,
              4.6245659028483379
            ],
            [
              -74.057096974999922,
              4.6241080628483235
            ],
            [
              -74.056860507999886,
              4.6239772508483199
            ],
            [
              -74.056659259999833,
              4.6238313458482585
            ],
            [
              -74.056593853999857,
              4.6237206588482449
            ],
            [
              -74.056553603999816,
              4.6235697218483045
            ],
            [
              -74.056586901999822,
              4.6235059008482819
            ],
            [
              -74.056760021999821,
              4.6234260378483407
            ],
            [
              -74.057212830999902,
              4.6233706938483694
            ],
            [
              -74.057519734999971,
              4.6233153508483325
            ],
            [
              -74.057762264999894,
              4.6231372218482178
            ],
            [
              -74.057821470999897,
              4.6230615698483764
            ],
            [
              -74.057907000999876,
              4.6228754148483242
            ],
            [
              -74.057937188999972,
              4.6226188228482501
            ],
            [
              -74.057987500999957,
              4.6224024798483914
            ],
            [
              -74.058133405999854,
              4.6221710438482484
            ],
            [
              -74.058621433999917,
              4.6217987338483857
            ],
            [
              -74.058867962999898,
              4.6212805188484056
            ],
            [
              -74.058998774999964,
              4.6209887088484436
            ],
            [
              -74.059886281999866,
              4.6203346498484139
            ],
            [
              -74.060417577999942,
              4.6199418128483769
            ],
            [
              -74.060735711999882,
              4.6196107988485222
            ],
            [
              -74.060898513999859,
              4.619365565848371
            ],
            [
              -74.061030403999837,
              4.6191306358485171
            ],
            [
              -74.061075741999957,
              4.6190069888485112
            ],
            [
              -74.06105372699983,
              4.6189057358483785
            ],
            [
              -74.061190777999968,
              4.6187188478485828
            ],
            [
              -74.061732012999983,
              4.6178618318485549
            ],
            [
              -74.062276382999926,
              4.6172803458484122
            ],
            [
              -74.06291972899993,
              4.6161050028484567
            ],
            [
              -74.06334037799985,
              4.6151771008486557
            ],
            [
              -74.063388860999851,
              4.6150370548485906
            ],
            [
              -74.063515905999964,
              4.6148028468486011
            ],
            [
              -74.063669009999842,
              4.6144827198486524
            ],
            [
              -74.064093524999976,
              4.6141904308485371
            ],
            [
              -74.064448447999951,
              4.6138911818485804
            ],
            [
              -74.064671144999977,
              4.6135014628485917
            ],
            [
              -74.064977351999914,
              4.6128124948486491
            ],
            [
              -74.065200048999884,
              4.612123527848766
            ],
            [
              -74.065325315999928,
              4.6114276008486854
            ],
            [
              -74.065360111999894,
              4.6107595108486779
            ],
            [
              -74.065680238999903,
              4.6100983798487984
            ],
            [
              -74.0659655689999,
              4.609325901848834
            ],
            [
              -74.065889016999847,
              4.6088248338487885
            ],
            [
              -74.065659360999859,
              4.6081428258488568
            ],
            [
              -74.065735912999969,
              4.607662635848742
            ],
            [
              -74.065784627999847,
              4.6073912248487758
            ],
            [
              -74.065735912999969,
              4.6071476498488346
            ],
            [
              -74.065374030999806,
              4.6063403748489122
            ],
            [
              -74.064861219999898,
              4.6055792048488433
            ],
            [
              -74.064711521999868,
              4.605300053848941
            ],
            [
              -74.064601551999829,
              4.6050111548489578
            ],
            [
              -74.064176845999782,
              4.6036688038490512
            ],
            [
              -74.063995573313036,
              4.6035353936385128
            ],
            [
              -74.063078720010424,
              4.6035460880791961
            ],
            [
              -74.062594921531286,
              4.6034367763336244
            ],
            [
              -74.061868030661287,
              4.6031415171923857
            ],
            [
              -74.061409112999911,
              4.6029060628488798
            ],
            [
              -74.061336884238358,
              4.602874804032921
            ],
            [
              -74.061313237383388,
              4.6028645702608637
            ]
          ],
          [
            [
              -74.049472560375705,
              4.6502214157525801
            ],
            [
              -74.049842098999875,
              4.6500512338474183
            ],
            [
              -74.050556531999916,
              4.6495531428474965
            ],
            [
              -74.050662187999876,
              4.6493921438474457
            ],
            [
              -74.050747717999855,
              4.6492210828473866
            ],
            [
              -74.050942336377432,
              4.6487407498971018
            ],
            [
              -74.05098418599988,
              4.6486374618475459
            ],
            [
              -74.051623149999898,
              4.6477117178475487
            ],
            [
              -74.051728805999915,
              4.6474098448474814
            ],
            [
              -74.05181936699995,
              4.6469117548475474
            ],
            [
              -74.051980365999952,
              4.6466551628476465
            ],
            [
              -74.052161489999833,
              4.6463029778475446
            ],
            [
              -74.052322488999835,
              4.6455885448477021
            ],
            [
              -74.052438206999909,
              4.6451407668475788
            ],
            [
              -74.05251870599983,
              4.6448439248475761
            ],
            [
              -74.052619330999903,
              4.6446225508475498
            ],
            [
              -74.053082202999917,
              4.6439634618476804
            ],
            [
              -74.053253263999864,
              4.6436414638476782
            ],
            [
              -74.053424324999867,
              4.6434653718476824
            ],
            [
              -74.053620542999852,
              4.6432993418476265
            ],
            [
              -74.053867071999832,
              4.6431886548476085
            ],
            [
              -74.054153851999843,
              4.6430427498477211
            ],
            [
              -74.054420505999872,
              4.6428867818477864
            ],
            [
              -74.054591567999921,
              4.6426000028476011
            ],
            [
              -74.054717347999826,
              4.6423031608477672
            ],
            [
              -74.054833065999901,
              4.6421320988476165
            ],
            [
              -74.055129907999856,
              4.6420365058478197
            ],
            [
              -74.055446873999983,
              4.6420365058478197
            ],
            [
              -74.056307211999922,
              4.642358503847813
            ],
            [
              -74.056593991999875,
              4.6426603768476395
            ],
            [
              -74.056835489999855,
              4.6427962198477637
            ],
            [
              -74.056977965263343,
              4.6428284317320907
            ],
            [
              -74.057414079999944,
              4.6429270318477602
            ],
            [
              -74.057811545999868,
              4.6429773438476323
            ],
            [
              -74.05803795099996,
              4.6429672808475857
            ],
            [
              -74.058254292999834,
              4.6428012508477057
            ],
            [
              -74.058596415999887,
              4.6425144718477496
            ],
            [
              -74.058832882999923,
              4.6420918498477901
            ],
            [
              -74.059094505999894,
              4.6410805748477104
            ],
            [
              -74.05953725299986,
              4.6393900868478646
            ],
            [
              -74.059607689999893,
              4.6388718708477867
            ],
            [
              -74.059642908999876,
              4.6382630938478364
            ],
            [
              -74.059708313999863,
              4.6376744418478228
            ],
            [
              -74.059758626999951,
              4.6369147278478753
            ],
            [
              -74.059877192220085,
              4.6357168083442364
            ],
            [
              -74.059904531999848,
              4.6354405818479689
            ],
            [
              -74.060035342999925,
              4.635002865848012
            ],
            [
              -74.060211435999861,
              4.6346607428478555
            ],
            [
              -74.060392559999912,
              4.6344242758479446
            ],
            [
              -74.060503246999929,
              4.6341676838480339
            ],
            [
              -74.060639088999892,
              4.6333425648478812
            ],
            [
              -74.06058374599985,
              4.6326130378480403
            ],
            [
              -74.06062399599989,
              4.6322457598480549
            ],
            [
              -74.060810150999828,
              4.6318835118481383
            ],
            [
              -74.061076804999857,
              4.6315112018480473
            ],
            [
              -74.061227741999915,
              4.6312747348481258
            ],
            [
              -74.061333396999885,
              4.630998017848067
            ],
            [
              -74.061474270999895,
              4.6306408018481919
            ],
            [
              -74.061559801999863,
              4.6303993028480024
            ],
            [
              -74.06173086299998,
              4.6302232108479995
            ],
            [
              -74.062188703999936,
              4.6299163068480595
            ],
            [
              -74.062284296999849,
              4.6297704008480629
            ],
            [
              -74.062309452999898,
              4.6295540588480817
            ],
            [
              -74.062279265999962,
              4.6290660308480378
            ],
            [
              -74.062088079999853,
              4.6279189138481147
            ],
            [
              -74.061655394999946,
              4.6270837318481366
            ],
            [
              -74.060961086999896,
              4.6258913338482941
            ],
            [
              -74.060805118999838,
              4.6257454278482939
            ],
            [
              -74.060473058999833,
              4.6258359898481478
            ],
            [
              -74.060115842999835,
              4.6261227698482621
            ],
            [
              -74.059798875999832,
              4.6263441428481853
            ],
            [
              -74.059562408999966,
              4.6264145798482152
            ],
            [
              -74.05929072299989,
              4.6264145798482152
            ],
            [
              -74.059029099999918,
              4.6261680508481895
            ],
            [
              -74.058541071999855,
              4.6251064638482431
            ],
            [
              -74.058291010925586,
              4.6247313717589389
            ],
            [
              -74.058279448999883,
              4.6247140288483299
            ],
            [
              -74.05813857499993,
              4.6245781858482085
            ],
            [
              -74.056986425999924,
              4.6241203458483753
            ],
            [
              -74.056749958999887,
              4.6239895338481931
            ],
            [
              -74.056548710999834,
              4.6238436288482987
            ],
            [
              -74.056483304999858,
              4.6237329418482886
            ],
            [
              -74.056443054999875,
              4.6235820048483518
            ],
            [
              -74.056503429999907,
              4.6234662868483341
            ],
            [
              -74.05660405399982,
              4.6233706938483694
            ],
            [
              -74.057117237999989,
              4.6232901948483356
            ],
            [
              -74.057434204999822,
              4.6232549758483561
            ],
            [
              -74.057620359999873,
              4.6231895708483748
            ],
            [
              -74.057710921999899,
              4.6230738528484165
            ],
            [
              -74.057796451999877,
              4.6228876978483724
            ],
            [
              -74.057826639999973,
              4.622631105848293
            ],
            [
              -74.057876951999958,
              4.6224147628484449
            ],
            [
              -74.058022856999855,
              4.6221833268482939
            ],
            [
              -74.058510884999919,
              4.6218110168484321
            ],
            [
              -74.058757413999899,
              4.6212928018484467
            ],
            [
              -74.058888225999965,
              4.6210009918484989
            ],
            [
              -74.059775732999867,
              4.6203469328484639
            ],
            [
              -74.060307028999944,
              4.6199540958484251
            ],
            [
              -74.060625162999884,
              4.6196230818483999
            ],
            [
              -74.060787964999861,
              4.6193778488484174
            ],
            [
              -74.060919854999838,
              4.6191429188485573
            ],
            [
              -74.060965192999959,
              4.6190192718485594
            ],
            [
              -74.060877757999833,
              4.618617137848501
            ],
            [
              -74.060822728999881,
              4.6182397968484645
            ],
            [
              -74.061129317999871,
              4.6174929758486005
            ],
            [
              -74.06135729499988,
              4.6170684668485871
            ],
            [
              -74.061459491999926,
              4.6164945938485946
            ],
            [
              -74.061632439999926,
              4.6160936688486025
            ],
            [
              -74.061805387999925,
              4.6158578308486282
            ],
            [
              -74.06211983899982,
              4.615700604848576
            ],
            [
              -74.062450012999875,
              4.6155276568484727
            ],
            [
              -74.062528624999914,
              4.6150402578485901
            ],
            [
              -74.062536486999932,
              4.6147179458485645
            ],
            [
              -74.062575792999894,
              4.6142148238485321
            ],
            [
              -74.062843075999979,
              4.6136566738485865
            ],
            [
              -74.06295313399994,
              4.6134365578486705
            ],
            [
              -74.062803769999846,
              4.612760487848691
            ],
            [
              -74.06296885699993,
              4.612170892848698
            ],
            [
              -74.063181110999892,
              4.6115970198487162
            ],
            [
              -74.063275446999967,
              4.6111567878487687
            ],
            [
              -74.063165388999835,
              4.6108030308486967
            ],
            [
              -74.063212555999826,
              4.6105436088487668
            ],
            [
              -74.063401226999986,
              4.6102841868487792
            ],
            [
              -74.063416949999862,
              4.610040486848729
            ],
            [
              -74.063236139999844,
              4.6092229138488596
            ],
            [
              -74.063346197999863,
              4.6085153998487698
            ],
            [
              -74.063574174999985,
              4.6082402548488446
            ],
            [
              -74.063810012999966,
              4.6078471908488279
            ],
            [
              -74.063841457999899,
              4.607532739848879
            ],
            [
              -74.063802151999937,
              4.6072261508487866
            ],
            [
              -74.063660648999871,
              4.6068802538488711
            ],
            [
              -74.063629203999824,
              4.606573664848832
            ],
            [
              -74.0636685099999,
              4.6062749358489485
            ],
            [
              -74.063558452999928,
              4.6059369008489321
            ],
            [
              -74.063291168999854,
              4.6057560918487965
            ],
            [
              -74.062811630999875,
              4.605606727848877
            ],
            [
              -74.062418567999941,
              4.6052765538489462
            ],
            [
              -74.062229896999895,
              4.6050171318490118
            ],
            [
              -74.062049087999924,
              4.6045375938489279
            ],
            [
              -74.061773942999821,
              4.6040580568489586
            ],
            [
              -74.06137301799987,
              4.603539211848994
            ],
            [
              -74.061192208999898,
              4.6032876518489596
            ],
            [
              -74.061255098999879,
              4.6030753968490705
            ],
            [
              -74.061309261999838,
              4.6029561028489647
            ],
            [
              -74.061312912828271,
              4.6028720430932202
            ],
            [
              -74.061313237383388,
              4.6028645702608637
            ]
          ],
          [
            [
              -74.043678593999971,
              4.6717443118467683
            ],
            [
              -74.043484685999829,
              4.6710960638467887
            ],
            [
              -74.043386419999877,
              4.6707766998468454
            ],
            [
              -74.044101343999955,
              4.6695147888467998
            ],
            [
              -74.044362966999927,
              4.6689009798467502
            ],
            [
              -74.044448497999838,
              4.6683777338468229
            ],
            [
              -74.044292529999893,
              4.6678041748469266
            ],
            [
              -74.044227123999974,
              4.6674318648468311
            ],
            [
              -74.044262342999957,
              4.66722558484686
            ],
            [
              -74.044433403999903,
              4.666898555846922
            ],
            [
              -74.044886213999973,
              4.6661992168468878
            ],
            [
              -74.045167961999766,
              4.6658721878468947
            ],
            [
              -74.045736488999978,
              4.6653690658468552
            ],
            [
              -74.046315078999896,
              4.664745195846967
            ],
            [
              -74.046511296999881,
              4.6645338848469899
            ],
            [
              -74.046672294999894,
              4.6643628228470524
            ],
            [
              -74.04684335699983,
              4.6642420738470953
            ],
            [
              -74.046923855999921,
              4.6640257318469454
            ],
            [
              -74.04702448099988,
              4.6637037338469511
            ],
            [
              -74.047104979999972,
              4.6632660178470013
            ],
            [
              -74.047132026888619,
              4.6620353312391183
            ],
            [
              -74.047135166999908,
              4.6618924958471073
            ],
            [
              -74.047195541999827,
              4.6612887498471087
            ],
            [
              -74.047462195999856,
              4.6606497858471636
            ],
            [
              -74.047718787999884,
              4.6601366018471841
            ],
            [
              -74.047935130999917,
              4.6592812948470428
            ],
            [
              -74.048025692999943,
              4.6587177988471362
            ],
            [
              -74.048040785999945,
              4.6581643648472273
            ],
            [
              -74.048101160999977,
              4.6578373358472334
            ],
            [
              -74.048443283999859,
              4.6570927158471118
            ],
            [
              -74.048689812999839,
              4.6566298438472256
            ],
            [
              -74.048956467999858,
              4.6560965348472543
            ],
            [
              -74.049333808999904,
              4.655377070847238
            ],
            [
              -74.049811773999863,
              4.6544563588473338
            ],
            [
              -74.049937554999872,
              4.6542349848473057
            ],
            [
              -74.050088490999826,
              4.654084048847249
            ],
            [
              -74.050279676999764,
              4.6539632988474171
            ],
            [
              -74.050501050999856,
              4.653877768847444
            ],
            [
              -74.050807954999925,
              4.6537972688473612
            ],
            [
              -74.050953859999765,
              4.6537268318472735
            ],
            [
              -74.051039390999904,
              4.6536060828473138
            ],
            [
              -74.051034359999846,
              4.6534903648473556
            ],
            [
              -74.051024296999913,
              4.6533243348472997
            ],
            [
              -74.050948828999879,
              4.6531834608473561
            ],
            [
              -74.050727455999777,
              4.6530224618473026
            ],
            [
              -74.050122330671968,
              4.6523623244934624
            ],
            [
              -74.050118678999922,
              4.6523583408473232
            ],
            [
              -74.049716180999837,
              4.6517344708474324
            ],
            [
              -74.049484744999802,
              4.651563408847494
            ],
            [
              -74.048886030999824,
              4.6512967548474782
            ],
            [
              -74.048659625999903,
              4.6510804118474578
            ],
            [
              -74.048508688999846,
              4.6508540078475296
            ],
            [
              -74.048443283999859,
              4.6506225718473839
            ],
            [
              -74.048433220999925,
              4.6504666038474536
            ],
            [
              -74.048498626999901,
              4.6502955428474522
            ],
            [
              -74.048604282999861,
              4.6501546688475015
            ],
            [
              -74.048685223655184,
              4.6501363915904728
            ]
          ],
          [
            [
              -74.043568044999972,
              4.6717565948468174
            ],
            [
              -74.04337413699983,
              4.6711083468468289
            ],
            [
              -74.043275870999878,
              4.6707889828467231
            ],
            [
              -74.043990794999957,
              4.6695270718468427
            ],
            [
              -74.044252417999928,
              4.668913262846802
            ],
            [
              -74.044337948999839,
              4.6683900168468684
            ],
            [
              -74.044181980999895,
              4.6678164578469712
            ],
            [
              -74.044116574999975,
              4.6674441478468767
            ],
            [
              -74.044151793999958,
              4.667237867846902
            ],
            [
              -74.044322854999905,
              4.6669108388469045
            ],
            [
              -74.044775664999975,
              4.6662114998469368
            ],
            [
              -74.045057412999824,
              4.6658844708469465
            ],
            [
              -74.045625939999979,
              4.665381348846906
            ],
            [
              -74.046204529999898,
              4.6647574788470116
            ],
            [
              -74.046400747999883,
              4.664546167847031
            ],
            [
              -74.046561745999895,
              4.6643751058469327
            ],
            [
              -74.046732807999831,
              4.6642543568469712
            ],
            [
              -74.046813306999923,
              4.6640380148469873
            ],
            [
              -74.046913931999882,
              4.6637160168470011
            ],
            [
              -74.046994430999973,
              4.6632783008470522
            ],
            [
              -74.04702220725693,
              4.6620144687315195
            ],
            [
              -74.047024617999909,
              4.6619047788471581
            ],
            [
              -74.047084992999828,
              4.6613010328470956
            ],
            [
              -74.047351646999857,
              4.6606620688472109
            ],
            [
              -74.047608238999885,
              4.660148884847227
            ],
            [
              -74.047824581999919,
              4.6592935778472624
            ],
            [
              -74.047915143999944,
              4.6587300818471808
            ],
            [
              -74.047930236999946,
              4.658176647847271
            ],
            [
              -74.047990611999978,
              4.6578496188471066
            ],
            [
              -74.04833273499986,
              4.6571049988471565
            ],
            [
              -74.048579263999841,
              4.6566421268472693
            ],
            [
              -74.048845918999859,
              4.6561088178472989
            ],
            [
              -74.049223259999906,
              4.6553893538472817
            ],
            [
              -74.049701224999865,
              4.6544686418473304
            ],
            [
              -74.049827005999873,
              4.6542472678473574
            ],
            [
              -74.049977941999828,
              4.654096331847291
            ],
            [
              -74.050169127999823,
              4.6539755818472353
            ],
            [
              -74.050390501999857,
              4.6538900518472586
            ],
            [
              -74.050697405999927,
              4.6538095518473446
            ],
            [
              -74.050843310999824,
              4.6537391148473164
            ],
            [
              -74.050928841999905,
              4.6536183658473567
            ],
            [
              -74.050923810999848,
              4.653502647847402
            ],
            [
              -74.050913747999914,
              4.6533366178473496
            ],
            [
              -74.05083827999988,
              4.6531957438473963
            ],
            [
              -74.050616906999835,
              4.6530347448473499
            ],
            [
              -74.050051927885079,
              4.6524184034042042
            ],
            [
              -74.050008129999924,
              4.6523706238473723
            ],
            [
              -74.049605631999839,
              4.6517467538474726
            ],
            [
              -74.04937419599986,
              4.6515756918473796
            ],
            [
              -74.048775481999826,
              4.6513090378473514
            ],
            [
              -74.048549076999905,
              4.651092694847442
            ],
            [
              -74.048398139999847,
              4.6508662908474072
            ],
            [
              -74.04833273499986,
              4.6506348548474321
            ],
            [
              -74.048322671999927,
              4.650478886847492
            ],
            [
              -74.048388077999903,
              4.6503078258474932
            ],
            [
              -74.048493733999862,
              4.6501669518475461
            ],
            [
              -74.048649700999874,
              4.6501317328473979
            ],
            [
              -74.048685223655184,
              4.6501363915904728
            ]
          ]
        ]
      },
      "properties": {
        "FID": 8,
        "CORREDOR": "Av Circunvalar"
      }
    },
    {
      "type": "Feature",
      "id": 9,
      "geometry": {
        "type": "MultiLineString",
        "coordinates": [
          [
            [
              -74.12681589914979,
              4.728526628043598
            ],
            [
              -74.124552196149807,
              4.725516136043824
            ],
            [
              -74.121074961149759,
              4.7214321340438863
            ],
            [
              -74.116080810149811,
              4.7142442920441185
            ],
            [
              -74.114260513149759,
              4.7117938910442145
            ],
            [
              -74.109359711149807,
              4.7070097760444227
            ],
            [
              -74.108380950149808,
              4.7063534300443015
            ],
            [
              -74.101289725149741,
              4.7030564620444935
            ],
            [
              -74.100841652149768,
              4.7028324260444236
            ],
            [
              -74.096337582149772,
              4.6991451560445991
            ],
            [
              -74.093723821149808,
              4.6976515790446252
            ],
            [
              -74.089383111149743,
              4.6955045610446851
            ],
            [
              -74.087212756149768,
              4.6939409720447918
            ],
            [
              -74.082895383149832,
              4.6886434390449345
            ],
            [
              -74.077901233149817,
              4.6821790480452457
            ],
            [
              -74.075287473149842,
              4.6789585220453445
            ],
            [
              -74.06795960714976,
              4.6742677540453359
            ],
            [
              -74.066442693149781,
              4.6725174680453341
            ],
            [
              -74.060725091149834,
              4.6656096720456617
            ]
          ],
          [
            [
              -74.126722550958391,
              4.728876685170853
            ],
            [
              -74.125695716365101,
              4.7277565019781225
            ],
            [
              -74.125042276169381,
              4.7274064447304163
            ],
            [
              -74.124738893221263,
              4.7264496215864922
            ],
            [
              -74.12445884742317,
              4.7258661928403054
            ],
            [
              -74.120981612095591,
              4.7217821916168461
            ],
            [
              -74.115987462027988,
              4.714594349463769
            ],
            [
              -74.114167164339733,
              4.7121439487296124
            ],
            [
              -74.109266362871438,
              4.7073598330109192
            ],
            [
              -74.107282705134367,
              4.7060296154694941
            ],
            [
              -74.101821812069659,
              4.703719237634588
            ],
            [
              -74.100748303176715,
              4.703182483188046
            ],
            [
              -74.096244233255845,
              4.699495213512062
            ],
            [
              -74.093630472472739,
              4.6980016359218242
            ],
            [
              -74.089289762600856,
              4.6958546181357237
            ],
            [
              -74.087119407664886,
              4.6942910290958677
            ],
            [
              -74.082802034942915,
              4.6889934960803794
            ],
            [
              -74.077807884875199,
              4.6825291055723941
            ],
            [
              -74.075194124092093,
              4.6793085788933828
            ],
            [
              -74.067866259039647,
              4.6746178117738797
            ],
            [
              -74.066349344299454,
              4.6728675255353584
            ],
            [
              -74.060631742586452,
              4.66595972918019
            ]
          ]
        ]
      },
      "properties": {
        "FID": 9,
        "CORREDOR": "Av Calle 80"
      }
    },
    {
      "type": "Feature",
      "id": 10,
      "geometry": {
        "type": "MultiLineString",
        "coordinates": [
          [
            [
              -74.142250882439498,
              4.6972605905394227
            ],
            [
              -74.141351433194984,
              4.696407611111594
            ],
            [
              -74.139732006297493,
              4.6951067769121702
            ],
            [
              -74.137904151860539,
              4.6938728394858282
            ],
            [
              -74.136362262179375,
              4.6934169540384207
            ],
            [
              -74.123394664483726,
              4.6834188295685442
            ],
            [
              -74.106983567411305,
              4.6586661803938272
            ],
            [
              -74.092567189320107,
              4.6359989192446873
            ],
            [
              -74.091025815561864,
              4.6342762073974777
            ],
            [
              -74.084769651484521,
              4.6320094812824815
            ],
            [
              -74.079057501674811,
              4.6233959220458738
            ],
            [
              -74.07216665428524,
              4.6136943342740908
            ],
            [
              -74.071376455427867,
              4.6124332366666465
            ],
            [
              -74.06992807184173,
              4.6109848530806161
            ],
            [
              -74.066214267774967,
              4.608533742396717
            ]
          ],
          [
            [
              -74.141455381116089,
              4.6981612430494941
            ],
            [
              -74.1405127161716,
              4.6974664750300592
            ],
            [
              -74.139009245645639,
              4.6962469747037661
            ],
            [
              -74.137558348632808,
              4.6952720645030661
            ],
            [
              -74.136885624736067,
              4.6942945952083983
            ],
            [
              -74.136281846591658,
              4.6938252709423933
            ],
            [
              -74.132319980163572,
              4.6906830883510633
            ],
            [
              -74.127603448998741,
              4.687303526650429
            ],
            [
              -74.122998331955955,
              4.6838125508278141
            ],
            [
              -74.120992877759818,
              4.6814728542659081
            ],
            [
              -74.117279073693055,
              4.6757907340437566
            ],
            [
              -74.113676683748338,
              4.6700343377404776
            ],
            [
              -74.106954698387426,
              4.6597471004757489
            ],
            [
              -74.100938335799242,
              4.6502769001058848
            ],
            [
              -74.095776148146399,
              4.6423664974439776
            ],
            [
              -74.091616687591682,
              4.6359416164086173
            ],
            [
              -74.090242580086908,
              4.6347903371479724
            ],
            [
              -74.087271536833555,
              4.6336019198465372
            ],
            [
              -74.084411907702076,
              4.632376364504589
            ],
            [
              -74.081440864448609,
              4.6277712474620047
            ],
            [
              -74.078024164707188,
              4.6230547162972142
            ],
            [
              -74.07386470415247,
              4.6171126297906424
            ],
            [
              -74.071710697793662,
              4.6140301724151724
            ],
            [
              -74.070930798939628,
              4.612396098625906
            ],
            [
              -74.069259587109627,
              4.6107991628773153
            ],
            [
              -74.066102853652865,
              4.6088308467219958
            ]
          ]
        ]
      },
      "properties": {
        "FID": 10,
        "CORREDOR": "Av Calle 26"
      }
    },
    {
      "type": "Feature",
      "id": 11,
      "geometry": {
        "type": "MultiLineString",
        "coordinates": [
          [
            [
              -74.060545026907562,
              4.6657488933921023
            ],
            [
              -74.061002346999942,
              4.6628271248470492
            ],
            [
              -74.062141856999972,
              4.6565598238471004
            ],
            [
              -74.06276858699988,
              4.6549645108472202
            ],
            [
              -74.063338340999962,
              4.653768026847211
            ],
            [
              -74.063965071999917,
              4.6522866648472654
            ],
            [
              -74.069605641999885,
              4.6214059628483346
            ],
            [
              -74.072481763999917,
              4.6158611108485523
            ],
            [
              -74.075645041999906,
              4.6092701898486563
            ],
            [
              -74.088179643999979,
              4.592234525849217
            ],
            [
              -74.089547054999969,
              4.5914938448493423
            ],
            [
              -74.094276017999903,
              4.5855683968495615
            ],
            [
              -74.107437349999884,
              4.578959242849673
            ],
            [
              -74.114787184999898,
              4.5767371998498385
            ],
            [
              -74.118490589999965,
              4.5762813958497857
            ],
            [
              -74.121111460999941,
              4.5755407148499003
            ],
            [
              -74.122706773999937,
              4.5749139848497844
            ],
            [
              -74.123903258999917,
              4.5730907698498422
            ],
            [
              -74.1252136949999,
              4.5696152668501231
            ],
            [
              -74.126239252999937,
              4.5674501988500724
            ],
            [
              -74.126182277999931,
              4.5657979108502387
            ],
            [
              -74.125042767999958,
              4.5638607448502331
            ],
            [
              -74.124245111999983,
              4.5606701188502914
            ],
            [
              -74.121966092999969,
              4.5575364688504489
            ],
            [
              -74.121396338999887,
              4.5561120818505216
            ],
            [
              -74.12042775599997,
              4.5411275348509612
            ],
            [
              -74.120085902999904,
              4.5365694978510147
            ],
            [
              -74.12042775599997,
              4.5354869638510182
            ],
            [
              -74.120655657999976,
              4.5344044308511213
            ],
            [
              -74.120325967999975,
              4.5338049948510708
            ],
            [
              -74.119340543999954,
              4.5329781148512893
            ],
            [
              -74.119086635999906,
              4.5324553628511959
            ],
            [
              -74.119026891999965,
              4.5286019328513305
            ],
            [
              -74.119206121999923,
              4.5281239878513455
            ],
            [
              -74.119619091999937,
              4.5274118398514318
            ],
            [
              -74.119788616999983,
              4.5270038048513186
            ],
            [
              -74.11849531799993,
              4.5259427458514097
            ],
            [
              -74.118262687999959,
              4.5255162578514643
            ],
            [
              -74.117749908999883,
              4.5226674848515156
            ],
            [
              -74.117180153999982,
              4.519932662851625
            ],
            [
              -74.117408055999931,
              4.5180524728517399
            ],
            [
              -74.114673233999952,
              4.5116712208519045
            ],
            [
              -74.113507948999938,
              4.5081259218520247
            ]
          ],
          [
            [
              -74.060735017304296,
              4.6658769532176034
            ],
            [
              -74.061212381999894,
              4.6628271248470492
            ],
            [
              -74.062351890999935,
              4.6565598238471004
            ],
            [
              -74.062978620999957,
              4.6549645108472131
            ],
            [
              -74.063548375999915,
              4.653768026847211
            ],
            [
              -74.06417510599988,
              4.6522866648472654
            ],
            [
              -74.069815676999951,
              4.6214059628483346
            ],
            [
              -74.07269179799988,
              4.6158611108485523
            ],
            [
              -74.075855075999982,
              4.6092701898486634
            ],
            [
              -74.088389677999942,
              4.592234525849225
            ],
            [
              -74.089757088999932,
              4.5914938448493423
            ],
            [
              -74.091508843999918,
              4.589298874849348
            ],
            [
              -74.094547155999976,
              4.5858507618495183
            ],
            [
              -74.102223711999898,
              4.5816828188496919
            ],
            [
              -74.10764738499995,
              4.578959242849673
            ],
            [
              -74.114997218999974,
              4.5767371998498385
            ],
            [
              -74.118700623999928,
              4.5762813958497928
            ],
            [
              -74.121321495999894,
              4.5755407148499003
            ],
            [
              -74.122916808999946,
              4.5749139848497844
            ],
            [
              -74.124113293999983,
              4.5730907698498422
            ],
            [
              -74.125423728999976,
              4.5696152668501151
            ],
            [
              -74.12644928799989,
              4.5674501988500724
            ],
            [
              -74.126392311999894,
              4.5657979108502387
            ],
            [
              -74.12525280299991,
              4.5638607448502331
            ],
            [
              -74.124455145999946,
              4.5606701188502914
            ],
            [
              -74.122176127999921,
              4.5575364688504489
            ],
            [
              -74.121606372999963,
              4.5561120818505216
            ],
            [
              -74.120637789999989,
              4.5411275348509612
            ],
            [
              -74.12029593699998,
              4.5365694978510147
            ],
            [
              -74.120637789999989,
              4.5354869638510182
            ],
            [
              -74.120865691999938,
              4.5344044308511213
            ],
            [
              -74.120238961999974,
              4.5332649208511846
            ],
            [
              -74.120637789999989,
              4.5323533138511776
            ],
            [
              -74.121055786999932,
              4.5319733158512205
            ],
            [
              -74.121491294999942,
              4.5313799868512721
            ],
            [
              -74.121435446999897,
              4.5297894178514104
            ],
            [
              -74.120804249999935,
              4.5279298228513714
            ],
            [
              -74.119878231999962,
              4.5268693828513991
            ],
            [
              -74.11877591699988,
              4.5260721138514528
            ],
            [
              -74.118472722999911,
              4.5255162578514643
            ],
            [
              -74.11795994299996,
              4.5226674848515156
            ],
            [
              -74.117390188999877,
              4.519932662851625
            ],
            [
              -74.117618090999883,
              4.5180524728517399
            ],
            [
              -74.114883267999915,
              4.5116712208519045
            ],
            [
              -74.113717983999891,
              4.5081259218520247
            ]
          ]
        ]
      },
      "properties": {
        "FID": 11,
        "CORREDOR": "Av. Caracas"
      }
    },
    {
      "type": "Feature",
      "id": 12,
      "geometry": {
        "type": "MultiLineString",
        "coordinates": [
          [
            [
              -74.034775766999928,
              4.8255490488416823
            ],
            [
              -74.03528854599989,
              4.8225293498417869
            ],
            [
              -74.0354594719999,
              4.8189398948418525
            ],
            [
              -74.043322085999989,
              4.7702828498435244
            ],
            [
              -74.046683638999923,
              4.7505693388440253
            ],
            [
              -74.052096307999989,
              4.7178084478452558
            ],
            [
              -74.057224098999939,
              4.6866998448462081
            ],
            [
              -74.060186822999981,
              4.6693793038467044
            ],
            [
              -74.060735017304296,
              4.6658769532176034
            ]
          ],
          [
            [
              -74.034565731999976,
              4.8255490488416823
            ],
            [
              -74.035078511999927,
              4.8225293498417869
            ],
            [
              -74.035249437999937,
              4.818939894841856
            ],
            [
              -74.043112051999913,
              4.7702828498435208
            ],
            [
              -74.046473603999971,
              4.7505693388440253
            ],
            [
              -74.05188627299998,
              4.7178084478452487
            ],
            [
              -74.057014064999976,
              4.6866998448462001
            ],
            [
              -74.059976788999904,
              4.6693793038467044
            ],
            [
              -74.060545026907562,
              4.6657488933921023
            ]
          ]
        ]
      },
      "properties": {
        "FID": 12,
        "CORREDOR": "Autopista Norte"
      }
    },
    {
      "type": "Feature",
      "id": 13,
      "geometry": {
        "type": "MultiLineString",
        "coordinates": [
          [
            [
              -74.104523691173114,
              4.7510123225160621
            ],
            [
              -74.10094745340281,
              4.7490343949099696
            ],
            [
              -74.098323715229128,
              4.7476050077461007
            ],
            [
              -74.096264721701928,
              4.7463216860850519
            ],
            [
              -74.092043546283435,
              4.7431123465781111
            ],
            [
              -74.090083225696162,
              4.7415254203884096
            ],
            [
              -74.088986379653306,
              4.7408719801928196
            ],
            [
              -74.086465967469621,
              4.738258219409798
            ],
            [
              -74.082662012044239,
              4.7370213504677983
            ],
            [
              -74.081728526050313,
              4.7359245044248617
            ],
            [
              -74.080234948459974,
              4.7348043212323025
            ],
            [
              -74.078437987921632,
              4.7338241609385916
            ],
            [
              -74.077364479028574,
              4.7330073606939607
            ],
            [
              -74.076641027383232,
              4.7327739891954659
            ],
            [
              -74.076010924337311,
              4.7327506520456737
            ],
            [
              -74.075474169890811,
              4.7325872919966381
            ],
            [
              -74.075100775493183,
              4.7319805261006485
            ],
            [
              -74.074844066844889,
              4.7297634968649227
            ],
            [
              -74.075030764043674,
              4.7224589689626333
            ],
            [
              -74.074908064626584,
              4.720318486796474
            ],
            [
              -74.074330649548131,
              4.7193551280327215
            ],
            [
              -74.073513849303481,
              4.7163679728521473
            ],
            [
              -74.072230306061726,
              4.710580359689934
            ],
            [
              -74.070946762820142,
              4.7049561065765895
            ],
            [
              -74.070690054171791,
              4.7015255455488916
            ],
            [
              -74.070106625425581,
              4.6991218191145592
            ],
            [
              -74.06952319667937,
              4.6977215901235168
            ],
            [
              -74.068939767933102,
              4.695761269536308
            ],
            [
              -74.068029619089032,
              4.6944543891449104
            ],
            [
              -74.066139309951211,
              4.6912571996156993
            ],
            [
              -74.065229161107084,
              4.6883400558845718
            ],
            [
              -74.063268840519811,
              4.6843494032605335
            ],
            [
              -74.063012131871517,
              4.6838126488141656
            ],
            [
              -74.063105480470881,
              4.6833692429670393
            ],
            [
              -74.063992292165153,
              4.6818523282269542
            ],
            [
              -74.067469527492676,
              4.6763914351624285
            ],
            [
              -74.067959607639523,
              4.6756213092173953
            ],
            [
              -74.068338415700964,
              4.6749200521845635
            ]
          ],
          [
            [
              -74.104377840481277,
              4.7511260683902012
            ],
            [
              -74.102178310403929,
              4.7499448242605649
            ],
            [
              -74.09966449224919,
              4.7487062643842597
            ],
            [
              -74.096086374361278,
              4.7466772608379761
            ],
            [
              -74.090223248595294,
              4.7420855119847989
            ],
            [
              -74.089126402552324,
              4.7413153860399371
            ],
            [
              -74.086198056989247,
              4.738404776710829
            ],
            [
              -74.082553727668881,
              4.7372099146386448
            ],
            [
              -74.082329691030395,
              4.7369111991205459
            ],
            [
              -74.081732259994283,
              4.7361942818771281
            ],
            [
              -74.080388040162916,
              4.735283199547049
            ],
            [
              -74.079506829384627,
              4.7346260254074357
            ],
            [
              -74.078192481105191,
              4.7340584659231091
            ],
            [
              -74.07707229791248,
              4.7332818055762234
            ],
            [
              -74.076459931100374,
              4.7330727047135737
            ],
            [
              -74.075787821184747,
              4.7330428331617602
            ],
            [
              -74.07541442678712,
              4.7329084111785029
            ],
            [
              -74.075130647045,
              4.7327441176436524
            ],
            [
              -74.074966353510149,
              4.7324304663495562
            ],
            [
              -74.074891674630635,
              4.7318778426412242
            ],
            [
              -74.074548151784825,
              4.7296374762558733
            ],
            [
              -74.074503344457071,
              4.7275912749572395
            ],
            [
              -74.07472738109567,
              4.7242307253789901
            ],
            [
              -74.074622830664339,
              4.7206162676106675
            ],
            [
              -74.074503344457071,
              4.7202130016611852
            ],
            [
              -74.073995528076239,
              4.7194662128661209
            ],
            [
              -74.0727259871245,
              4.714462727938729
            ],
            [
              -74.071665547035423,
              4.7098326374087263
            ],
            [
              -74.070754464705374,
              4.7054265835175348
            ],
            [
              -74.07067978582586,
              4.7047246020499447
            ],
            [
              -74.07038107030769,
              4.7016030248863423
            ],
            [
              -74.070157033669204,
              4.7009309149707326
            ],
            [
              -74.069813510823451,
              4.6996464382430938
            ],
            [
              -74.068902428493345,
              4.6968385123732457
            ],
            [
              -74.06837967633669,
              4.6957930080601376
            ],
            [
              -74.068200447025902,
              4.69538974211076
            ],
            [
              -74.067901731507732,
              4.6950611550409018
            ],
            [
              -74.065885401760909,
              4.6914018899447179
            ],
            [
              -74.065526943139218,
              4.6906700369255372
            ],
            [
              -74.065078869862134,
              4.6894453033015413
            ],
            [
              -74.064944447878986,
              4.6885491567472792
            ],
            [
              -74.064496374601845,
              4.6873841662269067
            ],
            [
              -74.062793696148844,
              4.6841729744076872
            ],
            [
              -74.062704081493507,
              4.6838891946655794
            ],
            [
              -74.062704081493507,
              4.6835456718198891
            ],
            [
              -74.062763824597141,
              4.6832618920777787
            ],
            [
              -74.063271640977803,
              4.6823209381958897
            ],
            [
              -74.065287970724796,
              4.679274039911733
            ],
            [
              -74.066886098746352,
              4.6765258571455108
            ],
            [
              -74.067169878488585,
              4.6760180407649177
            ],
            [
              -74.06740885090295,
              4.6756745179190125
            ],
            [
              -74.067737437972937,
              4.6753459308493222
            ],
            [
              -74.067886795731908,
              4.6751069584348404
            ],
            [
              -74.068071114719544,
              4.6747489455053035
            ]
          ]
        ]
      },
      "properties": {
        "FID": 13,
        "CORREDOR": "Av Suba"
      }
    },
    {
      "type": "Feature",
      "id": 14,
      "geometry": {
        "type": "MultiLineString",
        "coordinates": [
          [
            [
              -74.175052329999914,
              4.6144108818486007
            ],
            [
              -74.174104257999886,
              4.6137909888485487
            ],
            [
              -74.172900935999905,
              4.6131710958485463
            ],
            [
              -74.170494292999933,
              4.6133534178485434
            ],
            [
              -74.165608076999945,
              4.614119167848604
            ],
            [
              -74.162545075999958,
              4.6149943108485996
            ],
            [
              -74.16057600399995,
              4.6155412758484875
            ],
            [
              -74.14854278599995,
              4.6176562048484877
            ],
            [
              -74.142963748999932,
              4.6191147768483667
            ],
            [
              -74.139175253999895,
              4.618395816848369
            ],
            [
              -74.135241328999939,
              4.6135484888485951
            ],
            [
              -74.133993531999977,
              4.6121500958486559
            ],
            [
              -74.13140456699989,
              4.6105821308487158
            ],
            [
              -74.12859681599997,
              4.6087953808487621
            ],
            [
              -74.124658671999896,
              4.6045655218489419
            ],
            [
              -74.123127170999908,
              4.6034715928489449
            ],
            [
              -74.122162112999888,
              4.6028985898489019
            ],
            [
              -74.121856416999947,
              4.602467080849026
            ],
            [
              -74.121781126999906,
              4.602241211848896
            ],
            [
              -74.121612558999914,
              4.6021009198490423
            ],
            [
              -74.121303955999963,
              4.6020494858490464
            ],
            [
              -74.120720527999936,
              4.6019400928489329
            ],
            [
              -74.117398892999972,
              4.5997858408489209
            ],
            [
              -74.114479431999939,
              4.5971021138490924
            ],
            [
              -74.11422988299995,
              4.5969080198492183
            ],
            [
              -74.112588989999892,
              4.5941731978491562
            ],
            [
              -74.10854145299993,
              4.5883389098494369
            ],
            [
              -74.102778876999935,
              4.5812985628496872
            ]
          ],
          [
            [
              -74.175052329999914,
              4.6146116188486008
            ],
            [
              -74.174104257999886,
              4.6139917258485363
            ],
            [
              -74.172900935999905,
              4.6133718328485438
            ],
            [
              -74.170494292999933,
              4.6135541548485381
            ],
            [
              -74.165608076999945,
              4.6143199048485988
            ],
            [
              -74.162545075999958,
              4.6151950478485979
            ],
            [
              -74.16057600399995,
              4.6157420118485506
            ],
            [
              -74.14854278599995,
              4.6178569418484905
            ],
            [
              -74.142963748999932,
              4.6193155138483633
            ],
            [
              -74.141808023999886,
              4.619118687848391
            ],
            [
              -74.139055767999878,
              4.6185899828484462
            ],
            [
              -74.134812630999988,
              4.6132687888485302
            ],
            [
              -74.133993531999977,
              4.612350832848656
            ],
            [
              -74.13140456699989,
              4.6107828678487097
            ],
            [
              -74.12859681599997,
              4.6089961178487542
            ],
            [
              -74.124658671999896,
              4.6047662588489349
            ],
            [
              -74.123127170999908,
              4.6036723298489353
            ],
            [
              -74.122285183999963,
              4.6031723998490168
            ],
            [
              -74.121356872999911,
              4.6030418398488502
            ],
            [
              -74.121044436999966,
              4.602979351848826
            ],
            [
              -74.120794715999921,
              4.602768422848901
            ],
            [
              -74.120639955999934,
              4.602519087848985
            ],
            [
              -74.120442001999947,
              4.6020507508488553
            ],
            [
              -74.117637864999949,
              4.600293656849006
            ],
            [
              -74.116159222999897,
              4.5990539878490724
            ],
            [
              -74.11422988299995,
              4.5971087568492104
            ],
            [
              -74.112588989999892,
              4.594373934849151
            ],
            [
              -74.10854145299993,
              4.5885396468494397
            ],
            [
              -74.102778876999935,
              4.5814992998496757
            ]
          ]
        ]
      },
      "properties": {
        "FID": 14,
        "CORREDOR": "Av 1 Mayo"
      }
    },
    {
      "type": "Feature",
      "id": 15,
      "geometry": {
        "type": "LineString",
        "coordinates": [
          [
            -74.06247897474671,
            4.6555327849553878
          ],
          [
            -74.06269315606643,
            4.654091928804573
          ],
          [
            -74.062965750473367,
            4.6528360474298811
          ],
          [
            -74.063140989734961,
            4.6519695866364881
          ],
          [
            -74.063384377598268,
            4.6503437557095602
          ],
          [
            -74.063754327150505,
            4.6481045873670821
          ],
          [
            -74.064153483246344,
            4.6459238321118068
          ],
          [
            -74.064299515964336,
            4.6447750413969677
          ],
          [
            -74.064611052429413,
            4.6428863515776628
          ],
          [
            -74.06498100198165,
            4.6407932159531695
          ],
          [
            -74.065068621612454,
            4.6401019944213724
          ],
          [
            -74.065224389844971,
            4.6392355336279749
          ],
          [
            -74.065652752484411,
            4.6364706475007411
          ],
          [
            -74.066051908580278,
            4.6341925371001462
          ],
          [
            -74.067205110700158,
            4.6274830562663309
          ],
          [
            -74.067347720776326,
            4.626413480695132
          ],
          [
            -74.068132076195226,
            4.6220876417182915
          ],
          [
            -74.068274686271394,
            4.6210418344931199
          ],
          [
            -74.068668861617198,
            4.6189104117672404
          ],
          [
            -74.068824380620555,
            4.6179134950791187
          ],
          [
            -74.068928059956107,
            4.6171877397301584
          ],
          [
            -74.069015788624725,
            4.6167149519908151
          ],
          [
            -74.069265017796766,
            4.6163784926085718
          ],
          [
            -74.069994013124983,
            4.6154874983185561
          ],
          [
            -74.070423933446747,
            4.6150201936209942
          ],
          [
            -74.070592163137874,
            4.6148395024712769
          ],
          [
            -74.070897468873625,
            4.6143472748565122
          ],
          [
            -74.071121775128461,
            4.6138612779710524
          ],
          [
            -74.071333619924687,
            4.6133129737925778
          ],
          [
            -74.071495618886502,
            4.6127272852383081
          ],
          [
            -74.071813386080862,
            4.6123035956458489
          ],
          [
            -74.072579765784894,
            4.6113129096870251
          ],
          [
            -74.073283838195906,
            4.6103969924797994
          ],
          [
            -74.074598522078432,
            4.6088829252597101
          ],
          [
            -74.075558054390783,
            4.6077115481511539
          ],
          [
            -74.076336895553396,
            4.6066149397942224
          ],
          [
            -74.07712819817462,
            4.6054809470614666
          ],
          [
            -74.077844732044241,
            4.6045338762077561
          ],
          [
            -74.078455343515742,
            4.6037488043158463
          ],
          [
            -74.079059724257931,
            4.603131962115067
          ],
          [
            -74.079078416445839,
            4.6027955027328282
          ],
          [
            -74.07902233988213,
            4.6024403511626817
          ],
          [
            -74.079265338324873,
            4.6020353537581302
          ],
          [
            -74.080243562825132,
            4.601561818331275
          ],
          [
            -74.080904020131044,
            4.6010135141527932
          ],
          [
            -74.081483477956041,
            4.6003717490348128
          ],
          [
            -74.081913398277791,
            4.599767368292639
          ],
          [
            -74.082206242554946,
            4.5994558318275933
          ],
          [
            -74.082524009749292,
            4.5992066026555714
          ],
          [
            -74.082654855064618,
            4.5989636042128401
          ],
          [
            -74.083377619663537,
            4.5976613817889636
          ],
          [
            -74.083963308217832,
            4.596745464581752
          ]
        ]
      },
      "properties": {
        "FID": 15,
        "CORREDOR": "Carrera 13"
      }
    },
    {
      "type": "Feature",
      "id": 16,
      "geometry": {
        "type": "MultiLineString",
        "coordinates": [
          [
            [
              -74.074147289393238,
              4.6254102616511004
            ],
            [
              -74.074586565644054,
              4.625995870041721
            ],
            [
              -74.075004495969878,
              4.6266478412972019
            ],
            [
              -74.075153468474838,
              4.6275561365098321
            ],
            [
              -74.0749022922449,
              4.6302305612416728
            ],
            [
              -74.074785868529005,
              4.6321561596329817
            ],
            [
              -74.075313962172899,
              4.6338330826216083
            ],
            [
              -74.075047524008824,
              4.634920266811589
            ],
            [
              -74.074901491290802,
              4.6359790040168596
            ],
            [
              -74.07442688495729,
              4.6388144726245981
            ],
            [
              -74.073915770444273,
              4.6418568209160043
            ],
            [
              -74.073708890760599,
              4.6431954541641289
            ],
            [
              -74.072930049597971,
              4.6440838198652354
            ],
            [
              -74.072443273871329,
              4.6451790652500797
            ],
            [
              -74.072504120837095,
              4.6466028842505089
            ],
            [
              -74.072917880204784,
              4.6473938948062505
            ],
            [
              -74.073441164110932,
              4.6479658562851176
            ],
            [
              -74.073100421102254,
              4.6484891401912511
            ],
            [
              -74.072624293594629,
              4.6495341392926708
            ],
            [
              -74.072238057971674,
              4.6515247382723155
            ],
            [
              -74.071673559753549,
              4.6552682527714637
            ],
            [
              -74.071317034563094,
              4.6561892761800721
            ],
            [
              -74.0705813567169,
              4.6574579829542051
            ],
            [
              -74.068342188374345,
              4.6609384293995904
            ],
            [
              -74.066066511852284,
              4.6645770779561344
            ],
            [
              -74.064204594697856,
              4.6675099017089678
            ],
            [
              -74.063632633219072,
              4.6684104368032688
            ],
            [
              -74.063352737176274,
              4.6687146716324364
            ]
          ],
          [
            [
              -74.07379600414464,
              4.6429899374524002
            ],
            [
              -74.074061803162351,
              4.6416621106252283
            ],
            [
              -74.074366037991524,
              4.6399583955821271
            ],
            [
              -74.074536409495806,
              4.6387292868722199
            ],
            [
              -74.074804136145531,
              4.6370134024359952
            ],
            [
              -74.075193556726845,
              4.6348229116661432
            ],
            [
              -74.075511208077842,
              4.6338462357825376
            ],
            [
              -74.075390100287962,
              4.6330448529092649
            ],
            [
              -74.075239019770265,
              4.6314621790225843
            ],
            [
              -74.075423821971185,
              4.6292740953468181
            ],
            [
              -74.075483292799731,
              4.6266724022530843
            ],
            [
              -74.074886721184157,
              4.6258263542115277
            ],
            [
              -74.074152582914053,
              4.6253529217993412
            ]
          ],
          [
            [
              -74.063487885588927,
              4.6689097713436984
            ],
            [
              -74.064151047705423,
              4.667804192817063
            ],
            [
              -74.06573521228745,
              4.66538389396284
            ],
            [
              -74.067214130405205,
              4.662954500820466
            ],
            [
              -74.068751352059678,
              4.6605640234526478
            ],
            [
              -74.07019130045984,
              4.6582901423698422
            ],
            [
              -74.071378258563755,
              4.6564632802409456
            ],
            [
              -74.071786901170981,
              4.6558024888449694
            ],
            [
              -74.071962221745821,
              4.6551804513949877
            ],
            [
              -74.07215724295088,
              4.6540918238241975
            ],
            [
              -74.072956812629627,
              4.6496595575101862
            ],
            [
              -74.073132187147451,
              4.6489403115375403
            ],
            [
              -74.073502011076698,
              4.6481628483369413
            ]
          ]
        ]
      },
      "properties": {
        "FID": 16,
        "CORREDOR": "Av Carrera 24"
      }
    },
    {
      "type": "Feature",
      "id": 17,
      "geometry": {
        "type": "MultiLineString",
        "coordinates": [
          [
            [
              -74.090957301858452,
              4.6256856445016874
            ],
            [
              -74.090770379979404,
              4.6277184199361576
            ],
            [
              -74.090793745214228,
              4.6279442838731297
            ],
            [
              -74.09155700955364,
              4.6290580267358337
            ],
            [
              -74.094461461507422,
              4.6333716639944447
            ],
            [
              -74.098086134276514,
              4.6387195418505778
            ],
            [
              -74.102186173966231,
              4.6444536553293707
            ],
            [
              -74.102899224347141,
              4.6453449683054782
            ],
            [
              -74.105365190247426,
              4.6484051428562934
            ],
            [
              -74.106939843171745,
              4.6502769001058848
            ],
            [
              -74.107831156147768,
              4.6510493713517693
            ],
            [
              -74.109377382130219,
              4.6520547723886132
            ],
            [
              -74.110484796908338,
              4.6531256789873687
            ],
            [
              -74.112225020131007,
              4.6556447433726351
            ],
            [
              -74.113832663519702,
              4.6582987168899468
            ],
            [
              -74.114100057412543,
              4.6595465550563828
            ],
            [
              -74.115526158174191,
              4.661269760143206
            ],
            [
              -74.11820009710226,
              4.664359645126738
            ],
            [
              -74.122240715926921,
              4.6689053413042663
            ],
            [
              -74.124171894041581,
              4.6710147820141401
            ],
            [
              -74.126608149509423,
              4.6737481418071161
            ],
            [
              -74.129816876223117,
              4.6772836832787057
            ],
            [
              -74.131777764770391,
              4.6793039926908655
            ],
            [
              -74.134184309805619,
              4.6817105377261798
            ],
            [
              -74.135075622781699,
              4.6825721402696221
            ],
            [
              -74.136561144408347,
              4.6837605575708379
            ],
            [
              -74.144493829894998,
              4.6896729336450731
            ],
            [
              -74.154773639551934,
              4.6976650399964601
            ]
          ],
          [
            [
              -74.154951902147104,
              4.6975461982664122
            ],
            [
              -74.14690037493034,
              4.6912772970018413
            ],
            [
              -74.140156106745053,
              4.686256233903765
            ],
            [
              -74.135164754079312,
              4.6824532985393965
            ],
            [
              -74.130916162226924,
              4.6780264440918691
            ],
            [
              -74.125241469612888,
              4.6719358054225726
            ],
            [
              -74.116298629419987,
              4.6618342583613135
            ],
            [
              -74.114248609575213,
              4.6595168446237096
            ],
            [
              -74.114010926114872,
              4.6582392960247159
            ],
            [
              -74.111307276754246,
              4.6539312833074682
            ],
            [
              -74.110713068103621,
              4.653010259899041
            ],
            [
              -74.1094949403697,
              4.6517921321650961
            ],
            [
              -74.107831156147768,
              4.6508116878914372
            ],
            [
              -74.106464476251233,
              4.6494747184275003
            ],
            [
              -74.099868760228617,
              4.6407992721277278
            ],
            [
              -74.095679589241286,
              4.634768054323481
            ],
            [
              -74.092114337337193,
              4.6294498869000744
            ],
            [
              -74.091015051333443,
              4.6279346548409785
            ],
            [
              -74.091163603496,
              4.6258549245636607
            ]
          ]
        ]
      },
      "properties": {
        "FID": 17,
        "CORREDOR": "Av Calle 24"
      }
    },
    {
      "type": "Feature",
      "id": 18,
      "geometry": {
        "type": "MultiLineString",
        "coordinates": [
          [
            [
              -74.203110429276592,
              4.6095169019660682
            ],
            [
              -74.202230338762831,
              4.6110590074681799
            ],
            [
              -74.201144494234143,
              4.6126563620150298
            ],
            [
              -74.200688141990383,
              4.6132268023196188
            ],
            [
              -74.200041642978476,
              4.6134169490878163
            ],
            [
              -74.19899583575318,
              4.613283846350102
            ],
            [
              -74.197455646930678,
              4.6130556702281691
            ],
            [
              -74.195839399400825,
              4.6130746849051478
            ],
            [
              -74.195002753620599,
              4.6130366555514195
            ],
            [
              -74.193994975749035,
              4.6140064040693352
            ],
            [
              -74.193291432706644,
              4.6147669911420737
            ],
            [
              -74.192530845633769,
              4.6154134901540687
            ],
            [
              -74.191675185176791,
              4.6159268864283574
            ],
            [
              -74.190173025707793,
              4.6163071799647524
            ],
            [
              -74.189298350574063,
              4.6168776202693467
            ],
            [
              -74.18849973414757,
              4.6177142660494903
            ],
            [
              -74.187948308519651,
              4.618113574262634
            ],
            [
              -74.187092648062674,
              4.6184558384455308
            ],
            [
              -74.186902501294469,
              4.6185509118296837
            ],
            [
              -74.186636295819028,
              4.6183417503845678
            ],
            [
              -74.18637009034353,
              4.6184368237685529
            ],
            [
              -74.186008811483873,
              4.6186079558600044
            ],
            [
              -74.183612962204279,
              4.6191783961647603
            ],
            [
              -74.18279533110092,
              4.6200150419447334
            ],
            [
              -74.182034744028044,
              4.6214411427064519
            ],
            [
              -74.1800762323154,
              4.6231144342666264
            ],
            [
              -74.176967332655067,
              4.6257360828334386
            ],
            [
              -74.17081727312052,
              4.6282020487335824
            ],
            [
              -74.167786809001939,
              4.6302223581459012
            ],
            [
              -74.162884587633812,
              4.6345897917283754
            ],
            [
              -74.15851715405131,
              4.6383927270925724
            ],
            [
              -74.156734528099264,
              4.6399970904493433
            ],
            [
              -74.15649684463898,
              4.6401753530446159
            ],
            [
              -74.156110609016025,
              4.6402644843421754
            ],
            [
              -74.155932346420855,
              4.6406210095326745
            ],
            [
              -74.15569466296057,
              4.6411855077507802
            ],
            [
              -74.149604024290966,
              4.646622516904241
            ],
            [
              -74.144107594272214,
              4.6518218425975979
            ],
            [
              -74.142562651780395,
              4.6533073642243634
            ],
            [
              -74.136999373288404,
              4.6579459055036194
            ],
            [
              -74.13630303502589,
              4.6587350888677816
            ],
            [
              -74.13523531635667,
              4.6591064692743673
            ],
            [
              -74.134631823195775,
              4.660220610494493
            ],
            [
              -74.134028330034937,
              4.6613347517144659
            ],
            [
              -74.125672270884706,
              4.6715012903469324
            ],
            [
              -74.121022588193114,
              4.6774025250087599
            ],
            [
              -74.119358803971181,
              4.6789771779330271
            ],
            [
              -74.117308784126351,
              4.6810271977778495
            ],
            [
              -74.1088876173485,
              4.6897656626903341
            ],
            [
              -74.106276348864071,
              4.6944079177735922
            ],
            [
              -74.104753108914736,
              4.6973818624364778
            ],
            [
              -74.100981276659411,
              4.7023867936981141
            ],
            [
              -74.09989324812426,
              4.7039825688829682
            ],
            [
              -74.097572120582527,
              4.706376231660367
            ],
            [
              -74.09438057021265,
              4.7100029934441476
            ],
            [
              -74.093220006441811,
              4.7111635572150607
            ],
            [
              -74.093183912908501,
              4.7131441753463656
            ],
            [
              -74.092559993825319,
              4.7155804308140095
            ],
            [
              -74.092381731230091,
              4.716174639464616
            ],
            [
              -74.093243333773614,
              4.7181652384444401
            ],
            [
              -74.096481770919809,
              4.7216413590508068
            ],
            [
              -74.098353528169412,
              4.7234834058678485
            ],
            [
              -74.09972020806606,
              4.7270486577719328
            ],
            [
              -74.100789783637254,
              4.7287718628587552
            ],
            [
              -74.098256671869308,
              4.7402909877915995
            ],
            [
              -74.096333218757138,
              4.7459166393324583
            ]
          ],
          [
            [
              -74.096570902217309,
              4.7464198597835328
            ],
            [
              -74.099036868117707,
              4.7404480628442878
            ],
            [
              -74.101203415818702,
              4.7288440209113007
            ],
            [
              -74.099616707538189,
              4.7260106132675581
            ],
            [
              -74.098710017092174,
              4.7231772056240509
            ],
            [
              -74.093609883333443,
              4.7181904081712069
            ],
            [
              -74.092703192887484,
              4.7160370183620568
            ],
            [
              -74.093496547027712,
              4.7136569559413894
            ],
            [
              -74.093609883333443,
              4.7113902298265682
            ],
            [
              -74.100410061678417,
              4.7040233699530161
            ],
            [
              -74.105115785093119,
              4.6976720033790542
            ],
            [
              -74.106348884099646,
              4.6952783406018224
            ],
            [
              -74.109177758291139,
              4.6901283388686466
            ],
            [
              -74.115053112381133,
              4.6836727028935288
            ],
            [
              -74.11713052153101,
              4.6815285613267257
            ],
            [
              -74.121262128555372,
              4.6775362219552337
            ],
            [
              -74.125115200274649,
              4.6724761639143919
            ],
            [
              -74.127622018019736,
              4.6695979657626925
            ],
            [
              -74.130778751476498,
              4.6657913165942562
            ],
            [
              -74.134585400644937,
              4.6609169487569329
            ],
            [
              -74.135606696763261,
              4.6607312585535858
            ],
            [
              -74.136535147779966,
              4.6596635398844626
            ],
            [
              -74.137045795839185,
              4.6588279339693432
            ],
            [
              -74.137138640940805,
              4.6580851731559552
            ],
            [
              -74.142662924490196,
              4.6536286082761613
            ],
            [
              -74.14554112264193,
              4.6507504101244015
            ],
            [
              -74.155986196579761,
              4.6411873646528106
            ],
            [
              -74.156543267189761,
              4.6409088293477314
            ],
            [
              -74.156821802494733,
              4.6403053361869127
            ],
            [
              -74.160999832069933,
              4.6365451095694938
            ],
            [
              -74.167313298983458,
              4.6309279809185533
            ],
            [
              -74.170423609889269,
              4.6286996984786146
            ],
            [
              -74.174694484566089,
              4.6268892189961113
            ],
            [
              -74.177154879760337,
              4.6259143454286606
            ],
            [
              -74.179336739649557,
              4.6241038659461449
            ],
            [
              -74.182075670148834,
              4.6216898933027561
            ],
            [
              -74.18305054371632,
              4.6201115265744264
            ],
            [
              -74.183561191775539,
              4.6193687657610951
            ],
            [
              -74.185928741868111,
              4.6188581177019445
            ],
            [
              -74.186764347783196,
              4.619043807905296
            ],
            [
              -74.187135728189787,
              4.6186724274986606
            ],
            [
              -74.18852840471493,
              4.6179760892361132
            ],
            [
              -74.189178320426549,
              4.6170940607703894
            ],
            [
              -74.19029246164655,
              4.6164441450585594
            ],
            [
              -74.192102941129122,
              4.6159334969994781
            ],
            [
              -74.193309927450798,
              4.6150978910845302
            ],
            [
              -74.194377646120074,
              4.6139837498643912
            ],
            [
              -74.195166829484265,
              4.6131481439495072
            ],
            [
              -74.19720942172097,
              4.6132409890512367
            ],
            [
              -74.200366155177733,
              4.6136123694578153
            ],
            [
              -74.201108915991085,
              4.6132409890512367
            ],
            [
              -74.20203736700779,
              4.6118018899753066
            ],
            [
              -74.2033371984312,
              4.6096664526371036
            ]
          ]
        ]
      },
      "properties": {
        "FID": 18,
        "CORREDOR": "Av Ciudad de Cali"
      }
    },
    {
      "type": "Feature",
      "id": 19,
      "geometry": {
        "type": "MultiLineString",
        "coordinates": [
          [
            [
              -74.123484037718299,
              4.6356863485655246
            ],
            [
              -74.125293197816575,
              4.6364292951890169
            ],
            [
              -74.126751110935061,
              4.6370748984361025
            ],
            [
              -74.127706489427851,
              4.6379472005382905
            ],
            [
              -74.129492631827532,
              4.6409102584724575
            ],
            [
              -74.131514157334038,
              4.6444686972064453
            ],
            [
              -74.13219261452457,
              4.6454102296340594
            ],
            [
              -74.133369530059213,
              4.647127141708018
            ],
            [
              -74.134241832161308,
              4.6476809843126921
            ],
            [
              -74.136706431751577,
              4.6492871278657324
            ],
            [
              -74.14098486587153,
              4.6520424948231964
            ],
            [
              -74.145277146056685,
              4.6545347865434454
            ],
            [
              -74.14720174910741,
              4.6555732414269562
            ],
            [
              -74.147880206297998,
              4.6552547819294423
            ],
            [
              -74.150220191302196,
              4.6536071001809178
            ],
            [
              -74.152837097608597,
              4.6516824971301896
            ],
            [
              -74.155952462259108,
              4.6494394345819678
            ],
            [
              -74.159247825756097,
              4.6466840676245011
            ],
            [
              -74.160895507504563,
              4.6448425409645333
            ],
            [
              -74.164010872155075,
              4.6422117885930723
            ],
            [
              -74.166461625680085,
              4.6401348788261725
            ],
            [
              -74.167680079410104,
              4.6391933463983248
            ],
            [
              -74.168898533140123,
              4.6383071982312289
            ],
            [
              -74.172761585306716,
              4.6366872086129334
            ],
            [
              -74.17787078333356,
              4.6350810650598975
            ],
            [
              -74.181415376002462,
              4.6340703023066192
            ],
            [
              -74.182287678104672,
              4.6336826124834447
            ],
            [
              -74.182827674644045,
              4.6333779990510191
            ],
            [
              -74.183976898048513,
              4.6331149238139124
            ],
            [
              -74.186455343703813,
              4.6321180071257286
            ],
            [
              -74.189030711814894,
              4.6310518601120441
            ],
            [
              -74.190983006995793,
              4.630248788335523
            ],
            [
              -74.193101454958196,
              4.6294180244286629
            ],
            [
              -74.195372209636787,
              4.628698029042833
            ]
          ],
          [
            [
              -74.123411613105247,
              4.6358261564386734
            ],
            [
              -74.126083038293075,
              4.6369321108897132
            ],
            [
              -74.1266822592126,
              4.6372202821198938
            ],
            [
              -74.127497608554734,
              4.6379626151028166
            ],
            [
              -74.12899444391411,
              4.6406033734198413
            ],
            [
              -74.130406093521458,
              4.6429520663008343
            ],
            [
              -74.131829912521823,
              4.6452764203953425
            ],
            [
              -74.133144206983786,
              4.6471991845156468
            ],
            [
              -74.135638932582822,
              4.6488177138066735
            ],
            [
              -74.139301919925742,
              4.6512394230466816
            ],
            [
              -74.141942678242742,
              4.6529796462693458
            ],
            [
              -74.145021534713749,
              4.6548050552442097
            ],
            [
              -74.146554878252743,
              4.6557177597316484
            ],
            [
              -74.147285041842679,
              4.6559003006290558
            ],
            [
              -74.150290881954618,
              4.6537463180387562
            ],
            [
              -74.155292502545933,
              4.6500955000890887
            ],
            [
              -74.158532603476317,
              4.6474722352747557
            ],
            [
              -74.159749542792895,
              4.6465215014337611
            ],
            [
              -74.160529144542636,
              4.6455897822695835
            ],
            [
              -74.163818683632826,
              4.6425474339780139
            ],
            [
              -74.16526379907134,
              4.6413495093383972
            ],
            [
              -74.167792751088655,
              4.6393339535953322
            ],
            [
              -74.168990675728423,
              4.6384402637846494
            ],
            [
              -74.173211933982827,
              4.6366718988402678
            ],
            [
              -74.176615561133985,
              4.6357021503224116
            ],
            [
              -74.181521347754028,
              4.6342950642376222
            ],
            [
              -74.185343297795271,
              4.6327168460614372
            ],
            [
              -74.186484178404555,
              4.6324316259092475
            ],
            [
              -74.187396882892017,
              4.6320513323726864
            ],
            [
              -74.188594807531842,
              4.6314048333606843
            ],
            [
              -74.192473801603455,
              4.6297885858309984
            ],
            [
              -74.195725311340198,
              4.6287427786058508
            ]
          ]
        ]
      },
      "properties": {
        "FID": 19,
        "CORREDOR": "Av Guayacanes"
      }
    },
    {
      "type": "Feature",
      "id": 20,
      "geometry": {
        "type": "MultiLineString",
        "coordinates": [
          [
            [
              -74.053921321518828,
              4.6537505002219088
            ],
            [
              -74.055705754538678,
              4.6551901152668016
            ],
            [
              -74.056357959589718,
              4.6556494944766591
            ],
            [
              -74.058235175867253,
              4.6569822613203673
            ],
            [
              -74.060758925847608,
              4.658666651756505
            ],
            [
              -74.062483015721796,
              4.6598973343311769
            ],
            [
              -74.064224119640699,
              4.6610826461197643
            ],
            [
              -74.066390574680156,
              4.6626195815007767
            ],
            [
              -74.067587229165156,
              4.6634362556518569
            ],
            [
              -74.068409574664429,
              4.664133831489087
            ],
            [
              -74.068999394884543,
              4.6645081404748634
            ],
            [
              -74.070587372400269,
              4.6657047949599928
            ],
            [
              -74.071523144864898,
              4.6663796854041157
            ],
            [
              -74.072509959463844,
              4.6671453174205437
            ],
            [
              -74.073111122380624,
              4.6675876825856344
            ],
            [
              -74.073825712262646,
              4.6681548174127343
            ],
            [
              -74.074903268433957,
              4.6689828342601416
            ],
            [
              -74.076627358308201,
              4.670309929755283
            ],
            [
              -74.078521588630565,
              4.671790151653882
            ],
            [
              -74.079967782439553,
              4.6728903932183794
            ],
            [
              -74.081300549283014,
              4.6739169072551636
            ],
            [
              -74.082803456574709,
              4.6750625196058708
            ],
            [
              -74.08441411948354,
              4.6763102162252554
            ],
            [
              -74.085837627899366,
              4.6774955280136661
            ],
            [
              -74.086461249355182,
              4.6783922816021981
            ],
            [
              -74.087090995867186,
              4.6792876740672238
            ],
            [
              -74.088101204777843,
              4.6803421903860869
            ],
            [
              -74.089377258138711,
              4.681742304490335
            ],
            [
              -74.090848264096337,
              4.6833550941545923
            ],
            [
              -74.092531945614098,
              4.6850210527091445
            ],
            [
              -74.094082704906839,
              4.6865186431116976
            ],
            [
              -74.094809346403963,
              4.6871921157187888
            ],
            [
              -74.096041092356472,
              4.68817574018437
            ],
            [
              -74.097343730162265,
              4.6892036720583148
            ],
            [
              -74.099027411680026,
              4.6904974483825788
            ],
            [
              -74.100285742077574,
              4.691463349884784
            ],
            [
              -74.101996008040317,
              4.6928989099157796
            ],
            [
              -74.103706274003116,
              4.6942813010565301
            ],
            [
              -74.104751928840415,
              4.695114280333665
            ],
            [
              -74.106382441468327,
              4.6962751344329128
            ],
            [
              -74.10834082891796,
              4.6977195559453966
            ],
            [
              -74.11046758451937,
              4.6991817004213683
            ],
            [
              -74.111991759366958,
              4.7002096322953699
            ],
            [
              -74.113037414204371,
              4.7010160271275261
            ],
            [
              -74.114809710538907,
              4.7024604486400126
            ],
            [
              -74.11640477723995,
              4.7038428397808687
            ],
            [
              -74.117911229124275,
              4.7051454775867914
            ],
            [
              -74.118708762474739,
              4.7057835042671794
            ],
            [
              -74.120286106212404,
              4.7071393109630044
            ],
            [
              -74.121154531416437,
              4.7078305065334662
            ],
            [
              -74.122129294400452,
              4.7085217021039201
            ],
            [
              -74.123458516651283,
              4.709558495459583
            ],
            [
              -74.124256050001748,
              4.7101167688049657
            ],
            [
              -74.126515727828291,
              4.7118713421759599
            ]
          ],
          [
            [
              -74.063197605603875,
              4.65491221920173
            ],
            [
              -74.065029451095199,
              4.6559273905419696
            ],
            [
              -74.067666628040968,
              4.6576567973051306
            ],
            [
              -74.070245319207629,
              4.6594734010480208
            ],
            [
              -74.073187331122881,
              4.6615912951675842
            ],
            [
              -74.075668545991277,
              4.6633813144655001
            ],
            [
              -74.076147066001568,
              4.6637003278056683
            ],
            [
              -74.076802815645294,
              4.6644003848577826
            ],
            [
              -74.077857331964367,
              4.6658182219253987
            ],
            [
              -74.079124523843518,
              4.667687994558257
            ],
            [
              -74.080755036471317,
              4.6701071790546109
            ],
            [
              -74.082110843167186,
              4.6721187353943634
            ],
            [
              -74.083440065418131,
              4.6740771228438298
            ],
            [
              -74.084751564705584,
              4.6759646184400578
            ],
            [
              -74.085814942506261,
              4.6773824555076766
            ]
          ],
          [
            [
              -74.085863680655507,
              4.6773115636542206
            ],
            [
              -74.08407753825594,
              4.6748054258688292
            ],
            [
              -74.082623701419038,
              4.6725208251251127
            ],
            [
              -74.081336017363469,
              4.6706516063349088
            ],
            [
              -74.079162185140717,
              4.6675500877495848
            ],
            [
              -74.077362196675949,
              4.6649608735735004
            ],
            [
              -74.076559124899404,
              4.6638670344296402
            ],
            [
              -74.075686822797138,
              4.663216269369312
            ],
            [
              -74.075118779668344,
              4.6628067359937786
            ]
          ],
          [
            [
              -74.126595481163349,
              4.7117827273593038
            ],
            [
              -74.125789086331167,
              4.7111181162339282
            ],
            [
              -74.123449655169622,
              4.7093635428627767
            ],
            [
              -74.120950717337905,
              4.7075203546749567
            ],
            [
              -74.118823961736496,
              4.7057657813038034
            ],
            [
              -74.117379540223908,
              4.704525173869671
            ],
            [
              -74.116094625381379,
              4.7034263501423919
            ],
            [
              -74.113959008298252,
              4.7015565775095354
            ],
            [
              -74.113134890502749,
              4.7008831049024558
            ],
            [
              -74.110937243047999,
              4.6993766530180077
            ],
            [
              -74.109581436352073,
              4.6984196129975144
            ],
            [
              -74.106541948138442,
              4.6962042425794568
            ],
            [
              -74.103617659186455,
              4.69401545660644
            ],
            [
              -74.100737677642826,
              4.6916671639633121
            ],
            [
              -74.09838052351796,
              4.6897530839220432
            ],
            [
              -74.097299422753963,
              4.6889112431631892
            ],
            [
              -74.095208113079252,
              4.6873427609071792
            ],
            [
              -74.092868681917651,
              4.685127390489126
            ],
            [
              -74.091628074483538,
              4.6839842593534282
            ],
            [
              -74.090024146300834,
              4.6822119630189514
            ],
            [
              -74.087959421071105,
              4.6799345622292732
            ],
            [
              -74.087232779573924,
              4.6791724748053563
            ],
            [
              -74.086780844008672,
              4.678649647386723
            ],
            [
              -74.086071925474755,
              4.6776926073661782
            ],
            [
              -74.085247807679252,
              4.6767975977172505
            ],
            [
              -74.08455661210877,
              4.6762924932619399
            ],
            [
              -74.082926099481028,
              4.6749809939744695
            ],
            [
              -74.081969059460448,
              4.6742366295139295
            ],
            [
              -74.080108148309137,
              4.6728630998547303
            ],
            [
              -74.079133385325235,
              4.6720744279859563
            ],
            [
              -74.076023005258207,
              4.6696995508977865
            ],
            [
              -74.073063270379578,
              4.6674132886262827
            ],
            [
              -74.071158051819964,
              4.6659334211870966
            ],
            [
              -74.068871789548382,
              4.6642851855959231
            ],
            [
              -74.067312168774095,
              4.6630888855701427
            ],
            [
              -74.066186760601624,
              4.6622913522197065
            ],
            [
              -74.063696684251624,
              4.6605810862569657
            ],
            [
              -74.061463590870119,
              4.6589682965927137
            ],
            [
              -74.059265943415369,
              4.6574086758183588
            ],
            [
              -74.056713836693689,
              4.6556806868922394
            ],
            [
              -74.055544121112916,
              4.6548477076151054
            ],
            [
              -74.054914955914171,
              4.6544489409397665
            ],
            [
              -74.054454158867145,
              4.654103343154568
            ],
            [
              -74.053940192930213,
              4.6537045764792344
            ]
          ]
        ]
      },
      "properties": {
        "FID": 20,
        "CORREDOR": "Av Calle 72 y Calle 68"
      }
    }
  ]
}